"Fecha","liq_disp_oblig_cp","liq_disp_inv_oblig_cp","liq_disp_inv_pasivo","liq_disp_inv_activo","liq_activos_pasivos_cp","fon_oblig_publico_emp_paspat","fon_oblig_publico_paspat","fon_oblig_bancos_paspat","fon_oblig_subordinadas_paspat","fon_juridicas_institucionales","fon_personas_naturales","fon_dias_permanencia_dpf","act_disp_activo","act_cartera_neta_activo","act_productivo_actcont","act_improductivo_patrimonio","car_reprogramada_cartera","car_mora_cartera","car_reprog_venc_ejec","car_prev_incobrable","car_categoria_f","solv_patrimonio_activo","solv_patrimonio_actcont","solv_cap","solv_mora_patrimonio","solv_mora_neta_patrimonio","rent_roa","rent_roe","rent_resultado_operativo","rent_gastos_fin_pasivos_costo","rent_gastos_admin_actcont"
2010-01-01,347.509166666667,756.661666666667,90.09,49.305,,65.3575,64.5141666666667,7.70416666666667,0.8275,59.2308333333333,40.7691666666667,505.141183333333,26.99,43.7383333333333,71.0925,298.255833333333,6.24666666666667,12.5325,31.6433333333333,12.5683333333333,,22.7766666666667,21.0875,69.64,21.4283333333333,7.93916666666667,0.4,11.3441666666667,4.99333333333333,4.89166666666667,-4.47416666666667
2010-02-01,352.801666666667,758.2625,92.1033333333333,49.1966666666667,,65.7275,65.0041666666667,7.69166666666667,0.823333333333333,59.1158333333333,40.8841666666667,502.035166666667,28.0375,43.68,70.2233333333333,315.155,6.04333333333333,12.7675,33.7291666666667,12.5075,,22.5216666666667,20.8583333333333,69.9933333333333,23.4041666666667,9.00916666666667,0.7475,12.3325,5.21416666666667,4.7175,-4.3775
2010-03-01,342.935,779.005833333333,88.3875,48.2033333333333,,66.015,65.04,7.82,0.778333333333333,60.4666666666667,39.5333333333333,504.754583333333,27.455,44.9308333333333,70.945,307.8375,5.67666666666667,12.1191666666667,33.7958333333333,11.95,,22.1416666666667,20.175,67.3358333333333,22.3575,8.54583333333333,1.13666666666667,15.0816666666667,5.62916666666667,4.6925,-4.43583333333333
2010-04-01,337.4875,660.713333333333,93.3033333333333,46.9058333333333,,66.0266666666667,64.8883333333333,6.84583333333333,0.825833333333333,58.7241666666667,41.2758333333333,514.936125,25.8516666666667,45.8266666666667,72.3408333333333,269.739166666667,5.62916666666667,12.1541666666667,32.5991666666667,11.9183333333333,,23.0741666666667,21.0825,68.7516666666667,21.9266666666667,8.215,1.115,14.6766666666667,5.63916666666667,4.87666666666667,-4.4675
2010-05-01,74.3584615384615,111.791538461538,70.57,39.5746153846154,,65.3284615384615,64.4261538461539,7.05076923076923,0.844615384615385,50.1823076923077,42.1253846153846,538.542615384615,22.7176923076923,47.8115384615385,68.4953846153846,273.343076923077,5.08461538461539,11.2469230769231,31.5307692307692,12.5138461538462,,23.42,21.66,46.4638461538462,21.6515384615385,7.06769230769231,-0.144615384615385,13.0446153846154,4.76615384615385,5.55538461538462,-4.81538461538462
2010-06-01,63.0276923076923,99.7615384615384,62.13,37.8276923076923,,66.2676923076923,65.43,6.52461538461538,0.839230769230769,50.6492307692308,41.6584615384615,534.597361538462,21.81,49.1846153846154,69.4307692307692,263.911538461538,4.88923076923077,10.8,29.9907692307692,12.1469230769231,,23.0330769230769,21.2738461538462,45.1030769230769,20.1446153846154,6.34230769230769,0.142307692307692,13.3092307692308,5.08153846153846,5.19461538461538,-4.85
2010-07-01,70.3783333333333,112.804166666667,71.0441666666667,40.5566666666667,,71.5125,70.5566666666667,5.85583333333333,0.894166666666667,54.8625,45.1375,576.064816666667,22.9708333333333,53.4708333333333,75.4616666666667,272.405833333333,4.13083333333333,3.72833333333333,25.9625,4.94166666666667,,18.125,16.0933333333333,39.0108333333333,16.7316666666667,7.12416666666667,2.2375,16.9141666666667,7.305,2.23666666666667,-4.96916666666667
2010-08-01,73.28,110.388333333333,62.6083333333333,39.9108333333333,,72.2366666666667,71.18,5.62083333333333,0.8775,55.9516666666667,44.0483333333333,578.943783333333,23.155,53.59,75.6541666666667,267.395,4.05583333333333,3.705,25.595,4.9475,,17.6691666666667,15.3333333333333,38.985,16.35,6.6875,2.17416666666667,16.8533333333333,7.1775,2.2025,-4.90166666666667
2010-09-01,72.9141666666667,111.6675,64.4875,41.3591666666667,,72.87,71.7825,5.61083333333333,0.843333333333333,57.0025,42.9975,583.173483333333,24.2008333333333,53.1083333333333,74.6891666666667,270.6825,3.85,3.68666666666667,26.0308333333333,5.01333333333333,2.11833333333333,17.1758333333333,14.9916666666667,39.1325,15.7566666666667,6.13,2.05583333333333,16.3525,6.97666666666667,2.15166666666667,-4.8275
2010-10-01,71.1141666666667,108.495833333333,66.1766666666667,39.6341666666667,,71.5725,70.4433333333333,6.0275,0.834166666666667,56.1366666666667,43.8633333333333,586.293783333333,22.9233333333333,53.7983333333333,75.9166666666667,264.533333333333,3.875,3.44416666666667,25.0616666666667,4.85666666666667,2.10416666666667,17.7575,15.3733333333333,35.6858333333333,15.4758333333333,5.91666666666667,2.06583333333333,16.3358333333333,6.99583333333333,2.10916666666667,-4.835
2010-11-01,60.245,98.5783333333333,60.2408333333333,39.0958333333333,,72.6383333333333,71.4816666666667,5.1175,0.923333333333333,57.0058333333333,42.9941666666667,594.64115,22.2558333333333,54.3108333333333,76.5133333333333,260.106666666667,3.74166666666667,3.43666666666667,26.0408333333333,4.80166666666667,2.03166666666667,17.5133333333333,15.3783333333333,38.9691666666667,15.2841666666667,5.75333333333333,2.05583333333333,16.2941666666667,6.98916666666667,2.09916666666667,-4.82333333333333
2010-12-01,49.9833333333333,86.235,51.465,38.6725,,74.295,73.1508333333333,5.315,0.895,59.995,40.005,595.3982,22.1375,55.39,76.7625,230.8,3.51916666666667,3.14916666666667,24.1675,4.84083333333333,1.85416666666667,15.4625,13.5491666666667,34.7183333333333,13.58,5.00583333333333,1.87916666666667,16.805,6.71083333333333,2.12416666666667,-4.66583333333333
2011-01-01,49.5066666666667,86.4475,52.0358333333333,38.3133333333333,,74.1,73.0625,5.18583333333333,0.886666666666667,58.72,41.28,605.872333333333,21.0733333333333,55.52,77.6341666666667,244.201666666667,3.545,3.37416666666667,26.31,4.97,1.91166666666667,15.9325,13.8716666666667,35.4316666666667,14.3683333333333,5.5375,1.34083333333333,15.8866666666667,6.41666666666667,1.88333333333333,-4.95166666666667
2011-02-01,50.2925,84.6041666666667,52.2341666666667,39.1983333333333,,74.8208333333333,73.6016666666667,5.10666666666667,0.815833333333333,60.2,39.8,605.054791666667,22.3966666666667,54.9691666666667,76.5333333333333,259.1325,2.8525,1.78,21.4983333333333,4.08416666666667,1.17166666666667,15.3125,13.6858333333333,34.5833333333333,13.4625,5.21416666666667,1.32,14.5741666666667,6.4325,1.76916666666667,-4.9825
2011-03-01,64.7608333333333,98.9025,63.7933333333333,38.2716666666667,,72.4408333333333,71.0633333333333,5.03166666666667,0.789166666666667,60.0358333333333,39.9641666666667,593.681166666667,22.6958333333333,55.7058333333333,76.4666666666667,245.155,2.72583333333333,1.74,22.0525,4.06333333333333,1.14833333333333,17.6058333333333,15.655,37.075,13.1616666666667,5.05916666666667,1.66583333333333,15.805,6.95916666666667,1.77,-5.1325
2011-04-01,61.2941666666667,100.835833333333,65.8991666666667,36.43,,71.18,69.9241666666667,5.17416666666667,0.7725,58.3716666666667,41.6283333333333,588.632141666667,19.5658333333333,56.8191666666667,79.0933333333333,213.275,2.56833333333333,1.6575,22.5541666666667,3.98916666666667,1.14,18.0825,16.0416666666667,39.4108333333333,12.7208333333333,4.735,1.72,15.71,7.07166666666667,1.75666666666667,-5.20833333333333
2011-05-01,51.3933333333333,90.375,56.3666666666667,34.0966666666667,,71.5858333333333,70.105,5.41833333333333,0.761666666666667,58.5358333333333,41.4641666666667,591.921666666667,17.1533333333333,59.665,82.1091666666667,185.119166666667,2.4225,1.54416666666667,21.9441666666667,4.01333333333333,1.10333333333333,18.2216666666667,15.2725,31.0625,12.1933333333333,4.3625,1.68416666666667,15.6433333333333,6.99916666666667,1.7225,-5.17583333333333
2011-06-01,52.345,83.6991666666667,52.3775,35.1116666666667,,73.0241666666667,71.8491666666667,4.97333333333333,0.7425,59.26,40.74,592.023658333333,19.965,59.9183333333333,79.955,202.244166666667,2.2425,1.40833333333333,20.64,3.93416666666667,1.0425,17.03,14.2933333333333,30.2141666666667,11.3625,3.995,1.72666666666667,16.5458333333333,6.97833333333333,1.69666666666667,-5.11583333333333
2011-07-01,52.5269230769231,89.2476923076923,54.8338461538462,33.7123076923077,,71.0192307692308,69.9746153846154,6.11615384615385,0.905384615384615,59.2146153846154,40.7853846153846,594.8963,18.1830769230769,61.35,81.3246153846154,204.980769230769,2.05230769230769,1.52692307692308,20.8484615384615,4.1,1.04461538461538,17.1123076923077,14.26,27.6230769230769,12.5676923076923,4.81692307692308,1.87,17.3153846153846,7.61076923076923,1.82153846153846,-5.51923076923077
2011-08-01,60.0069230769231,94.3984615384615,56.4538461538462,33.2623076923077,,70.9569230769231,69.9115384615384,6.03769230769231,0.869230769230769,59.35,40.65,602.577653846154,18.7053846153846,61.9861538461538,80.9815384615385,208.103076923077,1.94923076923077,1.46,26.6638461538462,4.09692307692308,1.03769230769231,17.5661538461538,14.4730769230769,28.0307692307692,12.0176923076923,4.30384615384615,1.97615384615385,17.6546153846154,7.66692307692308,1.81538461538462,-5.49076923076923
2011-09-01,66.3246153846154,96.8707692307692,59.5346153846154,34.0892307692308,,72.3230769230769,71.2353846153846,5.65923076923077,0.830769230769231,59.8407692307692,40.1592307692308,604.962453846154,20.4830769230769,61.9284615384615,79.5846153846154,215.932307692308,1.88846153846154,1.44230769230769,26.49,4.13615384615385,1.03538461538462,16.8515384615385,14.0553846153846,28.1561538461538,11.9761538461538,4.20307692307692,1.93769230769231,17.2469230769231,7.50846153846154,1.78461538461538,-5.40923076923077
2011-10-01,58.3176923076923,93.4423076923077,50.3092307692308,33.4315384615385,,72.1253846153846,70.6953846153846,5.37538461538462,0.817692307692308,59.3630769230769,40.6369230769231,601.622753846154,19.5092307692308,62.6761538461538,81.0061538461538,220.485384615385,1.86769230769231,1.45076923076923,26.7107692307692,4.28923076923077,1.02384615384615,16.8861538461538,12.8053846153846,22.7630769230769,11.5938461538462,4.15769230769231,1.89846153846154,18.0815384615385,7.37923076923077,1.78307692307692,-5.30538461538462
2011-11-01,46.1469230769231,74.7938461538462,43.4292307692308,35.2338461538462,,74.3776923076923,73.0769230769231,5.50846153846154,0.792307692307692,62.5223076923077,37.4776923076923,605.385769230769,21.7384615384615,60.8492307692308,78.4130769230769,252.713846153846,1.79076923076923,1.44307692307692,27.4530769230769,4.15923076923077,0.997692307692307,13.6469230769231,11.6330769230769,21.2523076923077,11.0915384615385,3.84307692307692,1.75923076923077,18.3784615384615,7.09230769230769,1.76461538461538,-5.15769230769231
2011-12-01,45.7476923076923,74.5546153846154,43.0561538461538,34.8384615384615,,73.8384615384615,72.5507692307692,5.39615384615385,0.766153846153846,61.1769230769231,38.8230769230769,595.309361538462,21.4153846153846,61.1169230769231,78.5907692307692,257.853076923077,1.65923076923077,1.28692307692308,27.1392307692308,4.02923076923077,0.972307692307692,13.9161538461538,11.7946153846154,20.5830769230769,9.95153846153846,3.21615384615385,1.84,19.4084615384615,7.11538461538461,1.77,-5.03461538461538
2012-01-01,44.9976923076923,73.9661538461538,42.2346153846154,33.2161538461538,,73.7353846153846,72.3630769230769,5.43076923076923,0.745384615384615,61.4538461538462,38.5461538461538,586.563723076923,19.9976923076923,62.4276923076923,79.8023076923077,232.03,1.67153846153846,1.34769230769231,27.2930769230769,4.06769230769231,0.967692307692308,14.8030769230769,12.2161538461538,20.7761538461538,10.4492307692308,3.56615384615385,1.47615384615385,16.8030769230769,6.80692307692308,1.91692307692308,-5.12692307692308
2012-02-01,46.6784615384615,76.7815384615385,42.7461538461539,34.7130769230769,,74.9915384615385,73.5992307692308,5.23,0.721538461538461,63.1653846153846,36.8346153846154,590.659115384615,21.0061538461539,61.1123076923077,78.7707692307692,243.266923076923,1.70615384615385,1.38230769230769,20.8930769230769,4.11076923076923,1.01461538461538,13.6161538461538,11.6446153846154,21.3523076923077,11.2,4.00923076923077,1.37846153846154,16.9984615384615,6.75076923076923,1.85307692307692,-5.16538461538462
2012-03-01,48.9084615384615,80.6630769230769,44.6938461538462,34.2346153846154,,73.5369230769231,72.15,5.11307692307692,0.670769230769231,63.8238461538462,36.1761538461538,588.614138461538,19.7784615384615,61.4338461538462,79.9746153846154,238.641538461539,1.73384615384615,1.30769230769231,19.9446153846154,4.07769230769231,0.983076923076923,15.3246153846154,12.6330769230769,22.6,10.6330769230769,3.61230769230769,1.62692307692308,17.9630769230769,6.97461538461539,1.87153846153846,-5.14076923076923
2012-04-01,41.77,78.1961538461538,43.5753846153846,33.9123076923077,,73.2353846153846,71.7623076923077,4.89153846153846,0.65,64.0615384615384,35.9384615384615,595.155015384615,17.6453846153846,61.6661538461538,81.7076923076923,224.968461538462,1.63846153846154,1.33615384615385,21.05,4.01153846153846,0.992307692307692,15.0861538461538,12.7,22.1492307692308,11.0984615384615,3.87,1.53615384615385,16.5461538461538,6.84076923076923,1.87461538461538,-5.07538461538462
2012-05-01,43.0292307692308,80.7969230769231,44.4630769230769,33.0923076923077,,73.33,71.8238461538462,5.11769230769231,0.637692307692308,63.0684615384615,36.9315384615385,597.7396,16.5369230769231,62.4761538461538,82.9769230769231,195.676923076923,1.61461538461538,1.29,19.8507692307692,4.04230769230769,0.972307692307692,15.7784615384615,13.1530769230769,25.0569230769231,11.0030769230769,3.77923076923077,1.43307692307692,15.1538461538462,6.89538461538462,1.87384615384615,-5.23307692307692
2012-06-01,44.4961538461538,81.5976923076923,46.1692307692308,34.2415384615385,,74.12,72.5830769230769,4.88153846153846,0.620769230769231,64.2907692307692,35.7092307692308,585.456661538462,17.8638461538462,61.6769230769231,82.0530769230769,195.177692307692,1.53538461538461,1.27076923076923,19.1946153846154,4.06153846153846,0.976153846153846,15.3723076923077,12.94,26.2138461538462,10.7653846153846,3.61307692307692,1.48461538461538,15.7138461538462,6.97,1.87846153846154,-5.27615384615385
2012-07-01,47.5453846153846,86.4823076923077,47.2453846153846,32.1438461538462,,72.2023076923077,70.6338461538462,5.19,0.605384615384615,62.9638461538462,37.0361538461539,577.801161538462,15.7430769230769,63.59,83.8353846153846,182.090769230769,1.47153846153846,1.29,22.5276923076923,4.06,0.961538461538461,16.8361538461538,13.6407692307692,25.2930769230769,10.8146153846154,3.71615384615385,1.46076923076923,15.3015384615385,7.01461538461538,1.88307692307692,-5.32
2012-08-01,44.0615384615385,79.8984615384615,42.9330769230769,33.2761538461538,,74.0684615384615,72.6323076923077,5.31307692307692,0.576923076923077,63.6330769230769,36.3669230769231,577.471530769231,17.8723076923077,62.8276923076923,81.9715384615385,197.156923076923,1.45461538461538,1.30461538461538,22.4938461538461,4.00384615384615,0.945384615384615,14.7438461538462,12.6176923076923,24.7307692307692,10.8876923076923,3.69230769230769,1.43538461538462,15.6223076923077,6.93538461538462,1.86461538461538,-5.24615384615385
2012-09-01,46.0392307692308,80.4130769230769,43.8769230769231,34.55,,73.8076923076923,72.45,5.15461538461538,0.556923076923077,64.8707692307692,35.1292307692308,559.389969230769,19.4546153846154,61.4853846153846,80.3669230769231,215.550769230769,1.40461538461538,1.31923076923077,22.9730769230769,3.93692307692308,0.93,14.2092307692308,12.2761538461538,24.99,10.8369230769231,3.88615384615385,1.46,15.6723076923077,6.92923076923077,1.87,-5.19769230769231
2012-10-01,45.0423076923077,79.9661538461538,42.5884615384615,33.8784615384615,,73.7807692307692,72.0746153846154,6.20076923076923,0.546923076923077,64.97,35.03,554.240184615385,18.3338461538462,62.3592307692308,81.5784615384615,198.37,1.38076923076923,1.29,27.7523076923077,3.89461538461538,0.905384615384615,13.9684615384615,12.1346153846154,22.0738461538462,10.4869230769231,3.69153846153846,1.45538461538462,15.7253846153846,6.96461538461539,1.85538461538462,-5.20307692307692
2012-11-01,48.4415384615385,84.2976923076923,44.0446153846154,34.9776923076923,,73.5507692307692,71.1553846153846,6.58846153846154,0.62,65.0038461538462,34.9961538461538,553.981438461538,19.4361538461538,61.3738461538461,80.2738461538462,214.361538461538,1.36615384615385,1.26461538461538,22.4869230769231,3.82461538461538,0.896923076923077,13.6853846153846,12.1261538461538,23.1338461538462,10.3476923076923,3.57384615384615,1.48538461538462,15.9338461538462,7.01,1.85,-5.18230769230769
2012-12-01,49.3854928782176,84.5835551363543,42.5857878444171,34.4232849158793,,75.5267119423858,73.3745690852429,4.88652869817672,0.570550124054783,65.6878571428571,34.3121428571429,565.358071428571,20.1840882836565,61.6553393858351,79.2872260261162,222.196853905604,1.1928749336847,1.1981435151423,19.2445401665654,3.48599280407008,0.864285714285714,13.5523063870114,12.0630405001238,20.6514285714286,8.66755637617587,2.68731229193785,1.45989277217025,15.9436192811946,7.2792557464052,1.943306206031,-5.33108339631313
2013-01-01,47.3592857142857,81.9421428571429,42.7092857142857,34.2471428571429,,76.095,73.6707142857143,4.07285714285714,0.56,67.1428571428572,32.8571428571429,583.592907142857,19.445,61.73,79.9842857142857,214.050714285714,1.18071428571429,1.26428571428571,19.8214285714286,3.49785714285714,0.878571428571429,13.7178571428571,11.9807142857143,20.3235714285714,9.15857142857143,2.97071428571429,0.951428571428571,12.37,7.06071428571429,2.07857142857143,-5.66714285714286
2013-02-01,51.4614285714286,87.8307142857143,42.0278571428571,34.1757142857143,,75.1142857142857,72.5464285714286,5.63,0.600714285714286,65.755,34.245,564.052092857143,19.4357142857143,61.5207142857143,79.8557142857143,218.189285714286,1.21642857142857,1.37714285714286,21.53,3.51214285714286,0.885,13.1192857142857,11.6121428571429,20.7771428571429,10.5107142857143,3.85714285714286,0.975714285714286,11.3721428571429,6.82928571428571,1.89857142857143,-5.53
2013-03-01,44.7528571428571,83.8464285714286,42.2471428571429,34.1328571428571,,75.4907142857143,72.9707142857143,5.28214285714286,0.576428571428571,66.5328571428571,33.4671428571429,564.643535714286,17.8221428571429,61.3135714285714,81.1885714285714,204.166428571429,1.26214285714286,1.36142857142857,18.08,3.54785714285714,0.872142857142857,13.105,11.6207142857143,21.165,10.4285714285714,3.64428571428571,1.09785714285714,11.6892857142857,7.04857142857143,1.95714285714286,-5.57
2013-04-01,38.8492857142857,79.7664285714286,40.2985714285714,33.2521428571429,,75.6571428571429,73.1592857142857,5.25071428571429,0.662857142857143,66.8414285714286,33.1585714285714,564.798207142857,16.3571428571429,62.3007142857143,82.6392857142857,182.537142857143,1.21857142857143,1.345,22.5528571428571,3.46642857142857,0.894285714285714,12.5228571428571,11.1885714285714,20.8607142857143,10.4535714285714,3.37,1.20071428571429,12.3721428571429,7.17,1.95857142857143,-5.64642857142857
2013-05-01,39.5635714285714,82.8714285714286,39.3614285714286,32.0642857142857,,75.3014285714286,72.7085714285714,5.30714285714286,0.647857142857143,65.5771428571428,34.4228571428571,566.277707142857,15.1021428571429,63.3142857142857,83.7214285714286,175.420714285714,1.18357142857143,1.34142857142857,23.7,3.43,0.892142857142857,13.1842857142857,11.6407142857143,21.2664285714286,10.3942857142857,3.25,1.28214285714286,12.8828571428571,7.28357142857143,1.98928571428571,-5.67857142857143
2013-06-01,38.8792857142857,77.5435714285714,38.8628571428571,31.9021428571429,,76.0521428571429,73.11,4.885,0.64,65.8778571428572,34.1221428571429,566.533985714286,16.1085714285714,63.4914285714286,82.8692857142857,182.522142857143,1.14714285714286,1.41714285714286,25.9621428571429,3.36785714285714,0.860714285714286,12.8778571428571,11.42,21.2535714285714,10.4278571428571,3.58769230769231,1.31071428571429,13.1257142857143,7.34571428571429,1.995,-5.74214285714286
2013-07-01,40.9035714285714,82.0807142857143,38.0478571428571,30.38,,73.5871428571429,70.9642857142857,5.94714285714286,0.605714285714286,65.3771428571429,34.6228571428571,582.415585714286,14.4607142857143,65.3071428571428,84.3821428571429,176.540714285714,1.14857142857143,1.35285714285714,24.1378571428571,3.37428571428571,0.85,14.1271428571429,12.1492857142857,20.8521428571429,10.6728571428571,3.88153846153846,1.23357142857143,12.8828571428571,7.44928571428571,1.97428571428571,-5.77714285714286
2013-08-01,42.0957142857143,80.7264285714286,38.8457142857143,31.5107142857143,,75.1007142857143,72.6014285714286,5.22928571428571,0.717142857142857,65.7764285714286,34.2235714285714,590.36635,16.5992857142857,64.3342857142857,82.6878571428571,183.662142857143,1.18857142857143,1.39071428571429,24.3714285714286,3.44285714285714,0.847857142857143,13.3628571428571,11.5257142857143,21.71,11.1078571428571,4.06615384615385,1.26214285714286,13.3092857142857,7.38857142857143,2,-5.695
2013-09-01,37.935,78.6285714285714,38.5364285714286,31.4221428571429,,75.005,72.2585714285714,5.15714285714286,0.704285714285714,66.0478571428571,33.9521428571429,586.751092857143,15.3078571428571,64.6342857142857,83.7207142857143,171.668571428571,1.19642857142857,1.37357142857143,20.4257142857143,3.44928571428571,0.852142857142857,13.2107142857143,11.6857142857143,21.4435714285714,11.0392857142857,3.97153846153846,1.23928571428571,13.2885714285714,7.40357142857143,1.995,-5.69785714285714
2013-10-01,39.5935714285714,80.1714285714286,40.2242857142857,32.8435714285714,,75.2807142857143,72.4664285714286,5.57357142857143,0.808571428571429,67.11,32.89,569.510564285714,16.1771428571429,63.3171428571429,83.1878571428572,173.300714285714,1.17642857142857,1.29142857142857,18.7185714285714,3.47857142857143,0.861428571428571,12.7335714285714,11.2078571428571,20.5671428571429,10.52,3.48214285714286,1.25357142857143,13.6585714285714,7.31714285714286,1.975,-5.60071428571429
2013-11-01,39.5142857142857,81.8507142857143,39.6735714285714,31.8492857142857,,74.2828571428572,71.4442857142857,5.815,0.942142857142857,67.8392857142857,32.1607142857143,565.503264285714,15.0085714285714,64.0678571428572,83.79,156.730714285714,1.095,1.36357142857143,18.7328571428571,3.51142857142857,0.849285714285714,13.1935714285714,11.4914285714286,20.8085714285714,11.1114285714286,4.02285714285714,1.25,13.4228571428571,7.32857142857143,1.98785714285714,-5.65428571428571
2013-12-01,48.4592857142857,88.8557142857143,42.2528571428571,33.3092857142857,,73.7314285714286,70.855,6.14357142857143,0.997142857142857,66.4471428571429,33.5528571428571,550.550707142857,17.3128571428571,62.6942857142857,82.4492857142857,186.98,1.09357142857143,1.235,17.52,3.52214285714286,0.811428571428571,13.5428571428571,11.7178571428571,21.7671428571429,9.97214285714286,3.35307692307692,1.25357142857143,13.8878571428571,7.45285714285714,1.97785714285714,-5.62285714285714
2014-01-01,37.845,80.7621428571428,41.8071428571429,34.4592857142857,,76.1092857142857,73.2235714285714,5.26857142857143,0.999285714285714,66.675,33.325,516.8697,16.5164285714286,61.4092857142857,82.7128571428571,180.892142857143,1.05642857142857,1.24714285714286,17.2357142857143,3.56714285714286,0.822857142857143,12.1585714285714,10.8871428571429,22.2664285714286,10.2514285714286,3.45153846153846,1.34214285714286,15.1071428571429,7.42142857142857,2.05428571428571,-5.53
2014-02-01,38.1471428571429,80.9864285714286,41.6421428571429,33.5028571428571,,75.1678571428571,72.0792857142857,5.15357142857143,0.985714285714286,66.4978571428571,33.5021428571429,514.821985714286,15.5264285714286,62.2728571428571,83.7757142857143,167.988571428571,1.09,1.37642857142857,24.2064285714286,3.60214285714286,0.83,12.8521428571429,11.3321428571429,21.8435714285714,11.3421428571429,4.02384615384615,1.33785714285714,14.5128571428571,7.23357142857143,1.96571428571429,-5.49285714285714
2014-03-01,40.2871428571429,85.8757142857143,42.6207142857143,33.1392857142857,,73.8992857142857,70.4421428571429,5.61714285714286,0.964285714285714,66.0457142857143,33.9542857142857,531.818114285714,14.57,62.3428571428571,84.4042857142857,165.475,1.135,1.41214285714286,24.0821428571429,3.63142857142857,0.832857142857143,13.5564285714286,11.8364285714286,22.4542857142857,11.7421428571429,4.05538461538462,1.30571428571429,14.465,7.61428571428571,1.99928571428571,-5.75214285714286
2014-04-01,35.1107142857143,72.2992857142857,38.91,32.4128571428571,,76.5628571428572,73.4128571428571,5.01071428571429,0.950714285714286,67.1285714285714,32.8714285714286,507.9312,16.0185714285714,63.5335714285714,83.0678571428572,177.646428571429,1.10214285714286,1.36142857142857,22.9142857142857,3.54714285714286,0.857857142857143,11.8914285714286,10.6342857142857,20.8314285714286,11.4442857142857,3.90384615384615,1.33,15.2064285714286,7.54857142857143,2.00428571428571,-5.67428571428571
2014-05-01,34.4114285714286,70.8321428571429,38.4971428571429,31.6014285714286,,76.3978571428571,73.3142857142857,4.58714285714286,0.932857142857143,66.29,33.71,472.900835714286,15.755,64.3264285714286,83.1935714285714,179.295,1.09857142857143,1.40714285714286,22.8785714285714,3.50857142857143,0.862857142857143,12.26,10.8728571428571,20.9478571428571,11.9807142857143,4.19076923076923,1.33142857142857,15.2314285714286,7.58285714285714,2.04642857142857,-5.71428571428571
2014-06-01,34.8214285714286,71.555,38.03,31.6821428571429,,76.4014285714286,73.2364285714286,4.77428571428571,0.99,65.9585714285714,34.0414285714286,463.43855,15.8321428571429,64.3907142857143,83.1571428571429,182.254285714286,1.08642857142857,1.31642857142857,22.0614285714286,3.46857142857143,0.825,12.145,10.7642857142857,20.9542857142857,11.04,3.58230769230769,1.295,15.2221428571429,7.51714285714286,2.04285714285714,-5.64571428571429
2014-07-01,38.3329411764706,88.3188235294118,34.8729411764706,28.1817647058824,,73.0594117647059,70.4647058823529,7.92,0.871764705882353,65.2482352941176,34.7517647058823,515.225905882353,11.7641176470588,66.9264705882353,86.89,147.684705882353,1.03588235294118,1.36235294117647,19.0782352941177,3.54647058823529,0.871176470588235,13.09,11.3829411764706,19.0635294117647,11.5364705882353,3.82529411764706,1.35411764705882,15.3429411764706,7.74,2.41882352941176,-5.87470588235294
2014-08-01,37.96,85.1541176470588,35.36,28.5711764705882,,74.3176470588235,72.0570588235294,6.57058823529412,0.862352941176471,66.3794117647059,33.6205882352941,516.476652941176,12.6247058823529,66.5288235294118,86.1641176470588,153.186470588235,1.01176470588235,1.42941176470588,20.2329411764706,3.56176470588235,0.890588235294118,13.0823529411765,11.2847058823529,18.7423529411765,12.0329411764706,4.03352941176471,1.39294117647059,15.4229411764706,7.73294117647059,2.47352941176471,-5.83176470588235
2014-09-01,40.8911764705882,87.2135294117647,36.9741176470588,29.86,,75.1641176470588,73.1647058823529,5.78529411764706,0.865294117647059,66.2252941176471,33.7747058823529,520.197376470588,13.8129411764706,65.3658823529412,85.2441176470588,164.431176470588,1.04823529411765,1.42882352941176,19.7364705882353,3.54117647058823,0.916470588235294,12.8523529411765,11.1023529411765,18.8158823529412,12.0094117647059,3.97176470588235,1.34176470588235,15.2576470588235,7.62117647058824,2.52294117647059,-5.75411764705882
2014-10-01,43.0211764705882,91.395294117647,37.5888235294118,30.6370588235294,,75.7464705882353,73.7094117647059,5.59352941176471,0.884117647058824,66.7647058823529,33.2352941176471,522.300623529412,14.5682352941176,64.7770588235294,84.7988235294118,178.541176470588,1.03117647058824,1.40647058823529,19.4776470588235,3.59529411764706,0.94,12.7058823529412,10.8023529411765,18.2423529411765,11.8176470588235,3.69764705882353,1.29411764705882,14.9682352941176,7.49,2.53294117647059,-5.68823529411765
2014-11-01,44.6723529411765,91.2794117647059,36.74,30.5094117647059,,75.5441176470588,73.6452941176471,6.0464705882353,0.979411764705882,66.864705882353,33.1352941176471,529.933358823529,14.7341176470588,65.0405882352941,84.6388235294118,176.588235294118,1.04764705882353,1.42470588235294,19.3194117647059,3.57294117647059,0.927647058823529,12.2605882352941,10.62,18.1441176470588,12.0264705882353,3.88117647058824,1.25941176470588,14.7641176470588,7.39823529411765,2.54,-5.63823529411765
2014-12-01,44.9170588235294,90.8823529411765,37.6594117647059,30.3035294117647,,75.2405882352941,73.1117647058824,5.88,0.964117647058824,65.9023529411765,34.0976470588235,537.122694117647,14.7676470588235,65.1211764705882,84.6617647058824,179.079411764706,1.05705882352941,1.30235294117647,18.0388235294118,3.49529411764706,0.908823529411765,13.0188235294118,11.1217647058824,18.2558823529412,10.8023529411765,3.16235294117647,1.34176470588235,15.3329411764706,7.49705882352941,2.57117647058823,-5.52588235294118
2015-01-01,48.7129411764706,93.37,37.3241176470588,30.5011764705882,,75.1570588235294,73.1641176470588,6.46058823529412,0.964705882352941,66.9082352941176,33.0917647058823,520.060882352941,14.8782352941176,64.4888235294118,84.5941176470588,177.882352941176,1.07176470588235,1.37176470588235,18.6405882352941,3.55294117647059,0.957058823529412,12.48,10.73,18.4788235294118,11.4711764705882,3.48176470588235,1.00176470588235,12.8405882352941,6.79529411764706,2.78588235294118,-5.42117647058824
2015-02-01,49.5576470588235,99.9288235294118,37.9588235294118,30.7011764705882,,74.6729411764706,72.4105882352941,6.59705882352941,0.944117647058824,67.1988235294118,32.8011764705882,529.995305882353,14.0117647058824,64.1152941176471,85.1982352941176,174.398235294118,1.09,1.53941176470588,20.1976470588235,3.59588235294118,0.991176470588235,12.6317647058824,10.7647058823529,19.1823529411765,13.3576470588235,4.76823529411765,1.03176470588235,12.4635294117647,6.52294117647059,2.63235294117647,-5.22529411764706
2015-03-01,46.4917647058824,98.99,37.9129411764706,31.2152941176471,,74.5635294117647,72.0635294117647,7.60058823529412,0.925882352941176,68.0829411764706,31.9170588235294,545.005064705882,13.3070588235294,63.5994117647059,86.1052941176471,162.659411764706,1.06882352941176,1.51058823529412,20.7017647058824,3.56529411764706,0.957058823529412,11.8329411764706,10.0705882352941,19.6341176470588,13.1158823529412,4.47470588235294,1.05176470588235,12.8382352941176,6.55941176470588,2.66117647058824,-5.22
2015-04-01,42.3158823529412,95.2958823529412,35.7864705882353,29.1788235294118,,74.6441176470588,72.0570588235294,7.29176470588235,0.918235294117647,67.5041176470588,32.4958823529412,557.919947058823,11.7323529411765,65.9564705882353,87.3988235294118,155.674705882353,1.07235294117647,1.52058823529412,22,3.53823529411765,0.987647058823529,12.4305882352941,10.3829411764706,18.6623529411765,13.3794117647059,4.47,0.962352941176471,12.2158823529412,6.46352941176471,2.65,-5.26411764705882
2015-05-01,42.0811764705882,89.0588235294118,34.5741176470588,29.0435294117647,,75.1258823529412,72.6670588235294,7.50529411764706,0.900588235294118,67.9994117647059,32.0005882352941,572.022529411765,12.7423529411765,66.1182352941177,86.3705882352941,166.958235294118,1.14941176470588,1.49352941176471,20.6264705882353,3.51411764705882,1.01882352941176,11.7129411764706,10.0482352941176,18.6652941176471,13.2047058823529,4.21823529411765,0.933529411764706,12.0711764705882,6.47352941176471,2.65588235294118,-5.29117647058823
2015-06-01,43.9588235294118,90.5252941176471,35.2770588235294,29.5617647058824,,75.2029411764706,72.7882352941176,7.72764705882353,0.88,67.4582352941176,32.5417647058824,579.098194117647,13.6676470588235,65.7564705882353,85.7529411764706,174.531176470588,1.21588235294118,1.41588235294118,19.6047058823529,3.44352941176471,0.96764705882353,11.7547058823529,10.0152941176471,18.2664705882353,12.4305882352941,3.87705882352941,0.924117647058824,11.8917647058824,6.43588235294118,2.65294117647059,-5.25411764705882
2015-07-01,51.59,103.101176470588,34.7847058823529,28.9488235294118,,73.9941176470588,71.6676470588235,8.77588235294117,0.872941176470588,66.9817647058824,33.0182352941177,572.82404117647,13.5070588235294,66.4164705882353,85.7188235294118,175.454117647059,1.22411764705882,1.46411764705882,18.4517647058824,3.43294117647059,0.982941176470588,11.9423529411765,10.1594117647059,18.3547058823529,12.9564705882353,4.21411764705882,0.935294117647059,12.1576470588235,6.44176470588235,2.63411764705882,-5.24823529411765
2015-08-01,54.0194117647059,102.429411764706,35.0488235294118,28.9635294117647,,74.2541176470588,72.2294117647059,8.33294117647059,0.897058823529412,67.2311764705882,32.7688235294118,581.576135294118,13.79,66.8635294117647,85.5135294117647,177.455882352941,1.24588235294118,1.49823529411765,18.7388235294118,3.42235294117647,0.975294117647059,12.1558823529412,10.1911764705882,18.3329411764706,13.2670588235294,4.40058823529412,0.940588235294118,12.1417647058824,6.41705882352941,2.65058823529412,-5.22647058823529
2015-09-01,58.1994117647059,105.131764705882,35.1558823529412,29.0282352941176,,74.3147058823529,72.4047058823529,8.04058823529412,0.967058823529412,67.5588235294118,32.4411764705882,579.311988235294,14.9641176470588,66.8358823529412,84.5317647058824,195.018235294118,1.21705882352941,1.49588235294118,19.0147058823529,3.41705882352941,0.98,12.2676470588235,10.2441176470588,17.4676470588235,13.2211764705882,4.40176470588235,0.925882352941176,11.9347058823529,6.37588235294118,2.64647058823529,-5.19941176470588
2015-10-01,49.0847058823529,88.7347058823529,33.9588235294118,27.9647058823529,,75.0364705882353,73.1488235294118,6.99176470588235,0.93764705882353,68.0823529411765,31.9176470588235,556.944494117647,14.8888235294118,67.965294117647,84.4958823529412,199.210588235294,1.26294117647059,1.50411764705882,18.4682352941176,3.42647058823529,0.978823529411765,12.6758823529412,10.5152941176471,17.6647058823529,13.4417647058824,4.5935294117647,0.907647058823529,11.7864705882353,6.33705882352941,2.65882352941177,-5.20588235294118
2015-11-01,49.9464705882353,85.8347058823529,34.3570588235294,27.5917647058824,,74.8876470588235,73.1358823529412,6.67588235294118,0.928235294117647,68.4941176470588,31.5058823529412,561.285688235294,15.2911764705882,68.2794117647059,84.4017647058823,201.354117647059,1.28470588235294,1.53764705882353,18.2611764705882,3.41941176470588,0.977647058823529,13.0394117647059,10.7076470588235,17.8988235294118,13.9264705882353,4.83294117647059,0.891176470588235,11.5270588235294,6.30764705882353,2.67823529411765,-5.19411764705882
2015-12-01,45.4782352941176,81.7241176470588,35.9217647058824,29.7711764705882,,76.67,75.0370588235294,6.25352941176471,1.03352941176471,68.3188235294118,31.6811764705882,560.873764705882,17.0641176470588,66.0558823529412,82.9288235294117,226.612352941176,1.33294117647059,1.41882352941176,17.8182352941176,3.24823529411765,0.958235294117647,11.8758823529412,10.0094117647059,17.8176470588235,12.6452941176471,4.00764705882353,0.941764705882353,12.3405882352941,6.28705882352941,2.65058823529412,-5.00647058823529
2016-01-01,49.4982352941176,86.814705882353,35.0052941176471,28.5717647058824,,75.105294117647,73.5488235294118,6.83705882352941,1.20705882352941,67.6952941176471,32.3047058823529,551.150623529412,15.8970588235294,66.9129411764706,83.9035294117647,213.537647058824,1.35823529411765,1.55294117647059,19.6035294117647,3.29941176470588,0.984117647058824,12.4717647058824,10.2158823529412,17.8988235294118,13.9935294117647,4.92882352941177,0.575882352941177,8.65,5.58764705882353,2.57764705882353,-4.74705882352941
2016-02-01,48.8758823529412,88.5582352941177,35.8911764705882,29.3494117647059,,75.0694117647059,73.3064705882353,7.17705882352941,1.19,68.4,31.6,506.51815882353,15.8529411764706,66.0758823529412,83.8829411764706,209.363529411765,1.38882352941176,1.72647058823529,20.37,3.38764705882353,1.05294117647059,12.0758823529412,9.9935294117647,18.6923529411765,15.92,5.59941176470588,0.355294117647059,5.57588235294118,5.28411764705882,2.50411764705882,-4.64823529411765
2016-03-01,52.9864705882353,94.8123529411765,36.3935294117647,29.23,,74.2564705882353,72.3670588235294,7.66294117647059,1.16823529411765,68.45,31.55,464.738670588235,15.3117647058824,66.0264705882353,84.3576470588235,205.579411764706,1.45058823529412,1.67647058823529,19.6941176470588,3.33529411764706,1.05647058823529,12.4088235294118,9.88941176470588,18.2152941176471,15.7111764705882,5.53411764705882,0.6,8.23529411764706,5.52235294117647,2.52411764705882,-4.62941176470588
2016-04-01,49.2217647058823,91.5658823529412,33.9764705882353,28.0588235294118,,74.1935294117647,72.6517647058824,8.30941176470588,1.13941176470588,68.4570588235294,31.5429411764706,468.100282352941,13.7323529411765,67.3417647058824,85.7952941176471,186.167647058824,1.46176470588235,1.67411764705882,20.0305882352941,3.33882352941176,1.08235294117647,11.8135294117647,9.61352941176471,17.5311764705882,15.8494117647059,5.38647058823529,0.567058823529412,8.25529411764706,5.47411764705882,2.50411764705882,-4.62058823529412
2016-05-01,47.0664705882353,91.9264705882353,33.3505882352941,27.7441176470588,,74.2758823529412,71.7723529411765,8.71823529411765,1.16823529411765,69.2388235294118,30.7611764705882,454.363570588235,13.0535294117647,67.8541176470588,86.3117647058824,185.237647058824,1.52705882352941,1.77294117647059,21.1258823529412,3.34294117647059,1.09882352941176,11.5876470588235,9.47411764705882,18.0694117647059,16.9352941176471,5.95352941176471,0.583529411764706,8.42529411764706,5.51,2.50647058823529,-4.62588235294118
2016-06-01,44.9629411764706,92.5852941176471,31.8035294117647,26.7394117647059,,73.955294117647,71.7564705882353,8.92588235294118,1.18529411764706,68.9235294117647,31.0764705882353,457.894217647059,12.1958823529412,68.9023529411765,87.2529411764706,172.045294117647,1.57294117647059,1.61352941176471,17.4047058823529,3.30058823529412,1.07588235294118,11.6594117647059,9.56058823529411,16.8094117647059,15.4647058823529,4.82470588235294,0.656470588235294,9.16,5.60411764705882,2.49588235294118,-4.63176470588235
2016-07-01,43.0517647058824,90.2264705882353,31.3517647058824,26.1470588235294,,73.8347058823529,71.8476470588235,8.43470588235294,1.16588235294118,68.78,31.22,455.246011764706,11.8617647058824,69.4841176470588,87.2382352941176,174.658823529412,1.58352941176471,1.72647058823529,18.1111764705882,3.31588235294118,1.09117647058824,11.9841176470588,9.81588235294118,16.8241176470588,16.8747058823529,5.90411764705882,0.668823529411765,9.10647058823529,5.63117647058824,2.51,-4.64588235294118
2016-08-01,52.4823529411765,98.2135294117647,32.0405882352941,26.5082352941177,,74.6964705882353,72.7752941176471,7.81411764705882,1.18176470588235,66.0064705882353,33.9935294117647,480.583482352941,12.9676470588235,69.0129411764706,86.5641176470588,173.941176470588,1.64117647058824,1.73470588235294,18.1435294117647,3.33764705882353,1.07764705882353,11.8605882352941,9.71294117647059,16.8794117647059,16.6776470588235,5.83058823529412,0.712352941176471,9.65235294117647,5.70117647058823,2.51529411764706,-4.64411764705882
2016-09-01,52.8970588235294,103.834705882353,32.5370588235294,27.1311764705882,,74.3576470588235,72.5511764705882,8.42705882352941,1.21,66.2276470588235,33.7723529411765,476.406305882353,13.0688235294118,68.3194117647059,86.564705882353,172.596470588235,1.70647058823529,1.64588235294118,17.2494117647059,3.29294117647059,1.07117647058824,11.6405882352941,9.59,16.6711764705882,15.7170588235294,5.22117647058823,0.756470588235294,10.1282352941176,5.70235294117647,2.48529411764706,-4.6
2016-10-01,41.3670588235294,88.0194117647059,31.4358823529412,26.1529411764706,,74.7388235294117,72.5988235294118,7.59470588235294,1.21470588235294,66.7047058823529,33.2952941176471,452.082152941176,12.2294117647059,69.2894117647059,87.1229411764706,165.887058823529,1.76058823529412,1.68588235294118,16.9417647058824,3.33176470588235,1.10941176470588,11.9611764705882,9.87764705882353,16.5517647058824,16.0770588235294,5.23294117647059,0.795882352941177,10.5682352941176,5.75352941176471,2.51823529411765,-4.58294117647059
2016-11-01,41.5152941176471,86.7982352941176,31.6164705882353,25.8111764705882,,74.4988235294118,72.3458823529412,7.31941176470588,1.27705882352941,66.9611764705882,33.0388235294118,452.861682352941,12.0747058823529,69.5588235294118,87.1947058823529,165.24,1.77764705882353,1.74529411764706,14.5811764705882,3.30882352941176,1.10529411764706,12.4329411764706,10.0823529411765,16.7229411764706,16.7270588235294,5.84352941176471,0.815294117647059,10.7647058823529,5.76411764705882,2.52764705882353,-4.56294117647059
2016-12-01,42.3323529411765,84.2023529411765,30.6258823529412,25.4082352941176,,74.4135294117647,72.714705882353,7.38647058823529,1.36647058823529,65.9135294117647,34.0864705882353,460.270964705882,12.4576470588235,69.8423529411765,86.8517647058824,167.261176470588,1.86470588235294,1.51647058823529,13.2923529411765,3.10529411764706,1.01411764705882,12.4394117647059,10.2147058823529,16.8941176470588,13.9588235294118,4.66352941176471,0.955882352941177,12.6488235294118,5.91235294117647,2.52647058823529,-4.42294117647059
2017-01-01,40.8011764705882,82.6594117647059,30.2776470588235,24.9364705882353,,74.4882352941176,72.8782352941176,6.99352941176471,1.39764705882353,66.3982352941177,33.6017647058824,384.779311764706,11.5447058823529,70.3417647058824,87.4929411764706,158.008235294118,1.89294117647059,1.61235294117647,13.7223529411765,3.16294117647059,1.06294117647059,12.6135294117647,10.3164705882353,16.9252941176471,15.0994117647059,5.23764705882353,0.746075077216112,9.24158986701616,5.69796846728911,2.53982062644086,-4.54199667648113
2017-02-01,38.775,81.70125,30.561875,25.15875,,74.205625,72.42625,7.1625,1.481875,66.209375,33.790625,395.31460625,11.223125,70.124375,87.545,167.02125,1.894375,1.830625,15.094375,3.18125,1.05125,12.453125,10.1025,17.01,18.6525,7.700625,0.57375,7.6175,5.324375,2.398125,-4.41875
2017-03-01,32.285,76.54125,29.41625,24.365625,,74.13625,72.180625,7.74625,1.5125,67.00875,32.99125,403.1192875,9.7,70.889375,88.848125,151.744375,1.914375,1.713125,14.86625,3.195625,1.064375,11.995,9.9325,16.71875,17.570625,6.490625,0.63125,8.894375,5.393125,2.43375,-4.42125
2017-04-01,34.991875,80.73875,28.85125,23.90875,,73.15,71.373125,8.60625,1.526875,65.80875,34.19125,364.18430625,9.3725,71.88,89.158125,144.858125,1.95,1.723125,14.593125,3.21125,1.1275,12.13,9.993125,16.898125,17.974375,6.509375,0.635625,8.738125,5.40125,2.44,-4.42625
2017-05-01,36.35375,76.061875,27.500625,22.5375,,73.999375,72.04,8.0725,1.509375,67.145,32.855,386.4101625,10.3675,71.9675,88.296875,153.05125,1.945625,1.803125,15.476875,3.239375,1.156875,12.190625,10.043125,17.11625,18.993125,7.06125,0.63375,8.855625,5.464375,2.486875,-4.4775
2017-06-01,41.470625,81.93625,27.913125,23.16625,,73.240625,71.21125,8.909375,1.473125,66.080625,33.919375,403.51865625,11.035625,71.65625,87.810625,163.345625,1.9475,1.66625,14.561875,3.164375,1.1075,12.14125,9.92875,16.788125,17.41625,6.213125,0.6925,9.859375,5.541875,2.488125,-4.45625
2017-07-01,39.481875,80.155625,27.48125,23.06375,,73.295,71.1225,9.188125,1.459375,66.55625,33.44375,393.07595,10.713125,71.7575,87.96,160.938125,1.92375,1.84125,17.216875,3.251875,1.1425,11.790625,9.761875,16.479375,19.428125,7.68125,0.63125,8.819375,5.471875,2.53125,-4.44125
2017-08-01,39.985,81.341875,27.64625,23.146875,,73.56875,71.505625,9.075625,1.449375,66.435625,33.564375,420.6637,10.83625,71.691875,87.81375,165.860625,1.955625,1.971875,17.071875,3.310625,1.148125,11.738125,9.666875,16.333125,21.5625,8.653125,0.59125,8.240625,5.420625,2.56375,-4.43125
2017-09-01,40.5075,88.414375,28.1075,23.78125,,72.75875,70.4925,9.934375,1.42,65.870625,34.129375,409.85241875,10.85875,70.854375,87.73375,170.1075,2.0875,1.8575,16.35,3.318125,1.1975,11.604375,9.5525,16.04625,19.614375,6.905625,0.60375,8.68,5.385,2.575,-4.39375
2017-10-01,49.375625,93.34,28.301875,23.98,,73.204375,71.028125,9.708125,1.353125,65.72125,34.27875,367.09535625,11.56625,70.7225,87.293125,174.3675,2.095,1.82625,15.40375,3.328125,1.2275,11.625625,9.56,16.090625,18.88625,6.445625,0.651875,9.3725,5.424375,2.61625,-4.37875
2017-11-01,42.22625,84.708125,27.77625,23.723125,,73.495,71.48875,9.418125,1.335,66.05125,33.94875,371,11.2325,71.173125,87.489375,176.879375,2.146875,1.81875,16.32375,3.30875,1.19625,11.555625,9.5025,16.0225,19.158125,6.8175,0.6875,9.905625,5.43875,2.655625,-4.359375
2017-12-01,43.95875,97.451875,28.643125,24.31,,72.82,70.906875,9.846875,1.360625,64.5575,35.4425,368.8344875,11.325,70.29875,87.19625,182.581875,2.22,1.624375,14.078125,3.22,1.13,11.751875,9.731875,16.095625,16.665625,5.614375,0.78625,11.1075,5.50125,2.6725,-4.183125
2018-01-01,48.615625,106.229375,28.8125,24.1775,,73.470625,71.56625,8.90625,1.360625,69.463125,30.536875,904.0246,11.130625,71.051875,87.175625,181.38375,2.270625,1.809375,14.419375,3.28875,1.174375,11.931875,10.025625,16.836875,18.878125,7.05375,0.75875,10.074375,5.370625,3.046875,-4.12125
2018-02-01,43.445625,89.0575,28.706875,24.08625,,73.813125,72.006875,8.673125,1.36,69.745625,30.254375,902.05114375,11.13625,71.091875,87.115,182.00375,2.400625,2.003125,15.26125,3.318125,1.203125,11.77875,9.9625,16.9975,21.136875,8.8375,0.58625,7.795625,5.045,2.911875,-4.125
2018-03-01,42.7425,91.676875,28.394375,24.03125,,73.463125,71.568125,9.218125,1.3475,69.675,30.325,903.3030625,10.83625,71.249375,87.2325,180.914375,2.428125,1.946875,15.11875,3.31625,1.170625,11.584375,9.8875,16.59625,20.469375,8.3725,0.650625,9.076875,5.115,2.95125,-4.133125
2018-04-01,42.150625,89.365,28.050625,23.47875,,73.415625,71.7375,10.023125,1.325,69.095625,30.904375,902.552775,10.4225,71.781875,87.540625,170.63625,2.45375,2.0175,15.376875,3.354375,1.221875,11.43,9.804375,17.899375,21.47875,8.84375,0.596875,8.47375,5.09125,2.968125,-4.15625
2018-05-01,45.28625,86.265625,27.335,22.9175,,72.791875,71.014375,10.69625,1.27,69.524375,30.475625,904.14078125,11.253125,70.986875,86.87,181.5,2.5175,1.9475,15.5125,3.349375,1.259375,11.44625,9.815,17.9825,20.92375,8.083125,0.585625,8.295,5.0525,2.995625,-4.143125
2018-06-01,48.630625,93.093125,26.970625,22.869375,,72.854375,70.995,10.89,1.250625,69.95,30.05,911.196925,11.436875,70.981875,86.79625,184.9225,2.560625,1.82,13.79875,3.275,1.260625,11.18125,9.69375,17.23125,19.343125,7.178125,0.65625,9.375,5.12875,2.996875,-4.15125
2018-07-01,45.341875,88.809375,25.699375,21.766875,,73.069375,71.3075,10.399375,1.330625,69.739375,30.260625,915.7288875,10.548125,72.08875,87.49125,174.305,2.700625,1.934375,13.915625,3.290625,1.264375,11.42125,9.849375,17.35,20.611875,8.301875,0.650625,9.120625,5.135625,3.05625,-4.17875
2018-08-01,44.510625,84.039375,26.07625,22.063125,,72.65625,70.81875,11.139375,1.326875,69.755,30.245,918.72550625,10.85375,71.8375,87.273125,172.87875,2.781875,1.945625,14.55625,3.308125,1.25875,11.138125,9.675625,17.536875,20.811875,8.225,0.646875,9.06,5.124375,3.059375,-4.169375
2018-09-01,47.375625,91.821875,25.028125,21.010625,,72.053125,70.174375,11.05875,1.33125,69.560625,30.439375,923.21045625,10.063125,73.005,87.928125,166.05375,2.784375,1.88625,14.538125,3.283125,1.218125,11.6475,10.095625,17.750625,20.255,7.87125,0.654375,9.02625,5.138125,3.089375,-4.1825
2018-10-01,41.926875,81.026875,24.738125,20.938125,,72.2425,70.005625,11.164375,1.323125,69.734375,30.265625,924.6684125,10.03,73.080625,87.931875,166.61,2.8125,1.92875,14.306875,3.27875,1.248125,11.44875,9.990625,17.3625,20.7375,8.254375,0.640625,8.79,5.174375,3.105625,-4.22875
2018-11-01,55.189375,130.7275,25.67125,21.488125,,71.581875,69.20875,11.745625,1.3175,70.069375,29.930625,923.497125,9.538125,72.844375,88.483125,156.54375,2.8225,1.8875,13.458125,3.26875,1.243125,11.4125,9.9225,17.550625,20.47125,7.99,0.65625,8.793125,5.200625,3.1125,-4.230625
2018-12-01,43.48625,84.135625,25.20375,21.291875,,72.065625,69.71,11.2025,1.2925,69.09,30.91,922.92323125,10.385625,72.999375,82.1375,169.594375,2.96375,1.594375,11.289375,3.099375,1.126875,11.581875,9.87375,17.20375,15.5325,6.133125,0.729375,9.9825,5.291875,3.12375,-4.135625
2019-01-01,45.565,85.77125,24.268125,20.589375,,71.83125,69.42125,11.54,1.279375,69.371875,30.628125,935.309875,9.8575,73.673125,88.194375,159.296875,3.02375,1.7425,10.55,3.13375,1.170625,11.48125,9.889375,17.083125,18.274375,7.01875,0.67125,9.75625,5.3025,3.284375,-4.178125
2019-02-01,40.40625,78.25125,24.059375,20.310625,47.198125,71.544375,68.22125,11.379375,1.265,68.723125,31.276875,937.53835,9.4575,73.930625,88.420625,163.02,3.018125,1.953125,12.660625,3.17,1.175,11.819375,10.10375,17.22,20.86125,9.085625,0.46375,7.410625,4.90875,3.14875,-4.090625
2019-03-01,38.1775,79.920625,22.65125,19.3875,,71.461875,67.404375,11.275625,1.305,68.57,31.43,952.4993875,8.498125,74.956875,89.24625,155.09375,3.03125,1.90625,12.864375,3.191875,1.16,11.853125,10.160625,16.943125,20.538125,8.553125,0.455625,7.3825,4.925625,3.198125,-4.114375
2019-04-01,45.0625,88.9825,21.858125,18.335,43.0075,70.721875,66.645,12.11375,1.3025,68.053125,31.946875,951.505425,9.3875,74.821875,88.37625,162.455,3.03375,1.970625,12.558125,3.243125,1.205,11.866875,10.101875,17.404375,21.2625,8.940625,0.456875,7.1525,4.9175,3.184375,-4.1225
2019-05-01,51.415625,111.549375,22.694375,18.995625,44.969375,71.07125,66.873125,12.119375,1.27125,68.35625,31.64375,948.80215625,9.751875,74.09375,88.19,167.025625,3.023125,1.885625,12.13125,3.223125,1.185625,11.855625,10.058125,17.413125,20.193125,8.348125,0.5325,8.085,5.019375,3.19625,-4.12
2019-06-01,70.54875,129.764375,24.9325,20.254375,,70.811875,66.29875,12.12375,1.246875,68.441875,31.558125,949.22195,10.89125,72.80625,87.205,174.27125,3.0625,1.953125,13.680625,3.22875,1.169375,12.03125,10.218125,18.518125,20.8725,8.923125,0.550625,8.086875,5.028125,3.209375,-4.1025
2019-07-01,47.30875,124.565625,26.071875,20.3625,,70.69875,66.43375,12.013125,1.216875,67.693125,32.306875,949.58545625,9.4025,72.716875,88.55875,161.691875,3.188125,1.964375,13.06375,3.279375,1.235625,12.45,10.41,18.544375,21.0125,8.81625,0.56,8.0175,5.055625,3.24125,-4.11375
2019-08-01,66.83,157.26375,26.270625,20.82,,70.4575,66.2425,12.2025,1.196875,68.575625,31.424375,955.6748375,10.663125,72.245,87.415625,166.911875,3.285,2.03625,14.415,3.3025,1.27375,12.44625,10.531875,18.629375,21.809375,9.15375,0.56875,8.2275,5.040625,3.2475,-4.08375
2019-09-01,66.62,177.273125,27.746875,21.199375,,70.2125,66.0075,11.84,1.210625,68.1625,31.8375,955.0924,10.755625,71.975625,87.1925,164.47875,3.249375,2.031875,14.38125,3.2975,1.285,12.954375,11.185625,19.205625,21.463125,9.188125,0.640625,8.71625,5.153125,3.265625,-4.115625
2019-10-01,87.179375,245.551875,27.4575,20.50375,,69.970625,65.58375,11.571875,1.225625,69.244375,30.755625,949.3526375,9.9125,72.853125,87.806875,159.79375,3.215,2.321875,14.694375,3.371875,1.3225,13.458125,11.45,19.42875,24.19,11.068125,0.625,8.32375,5.1725,3.31375,-4.145
2019-11-01,161.338125,339.835625,29.940625,21.366875,,68.730625,64.208125,12.38125,1.274375,69.783125,30.216875,948.529175,11.015,71.8825,86.8,161.9325,4.034375,2.3425,13.22375,3.4275,1.345,13.62,11.86,22.363125,25.54,11.695625,0.615,7.99875,5.1875,3.316875,-4.13
2019-12-01,187.175,232.791875,37.690625,22.329375,,69.680625,65.24375,10.779375,1.240625,68.969375,31.030625,948.61384375,13.589375,70.94,83.8175,165.50875,4.953125,2.725,10.68125,3.35375,1.33,14.35625,13.580625,31.78,21.038125,8.74625,0.66,8.91625,5.261875,3.350625,-4.0025
2020-01-01,35.9266666666667,64.9213333333333,23.1553333333333,19.3246666666667,,71.276,66.6106666666666,12.8453333333333,1.28533333333333,65.6466666666667,34.3533333333333,949.65712,10.36,73.3513333333333,87.0366666666666,169.270666666667,5.52533333333333,2.24866666666667,12.4313333333333,3.632,1.49866666666667,10.4666666666667,9.66,16.5846666666667,23.4633333333333,9.89866666666667,0.697333333333333,9.90466666666667,5.29333333333333,3.43666666666667,-4.14133333333333
2020-02-01,35.8553333333333,65.9526666666667,23.9073333333333,19.9353333333333,,71.4233333333333,66.2953333333333,12.8073333333333,1.266,66.1306666666667,33.8693333333333,949.12212,10.6233333333333,72.5113333333333,86.532,177.556,5.504,2.56066666666667,15.068,3.67666666666667,1.524,10.2493333333333,9.47,16.7926666666667,27.5886666666667,12.8413333333333,0.537333333333333,7.08,5.00466666666667,3.33933333333333,-4.05066666666667
2020-03-01,41.2673333333333,71.3793333333333,25.5006666666667,21.4573333333333,,71.7553333333333,66.6646666666667,12.8453333333333,1.238,66.6046666666667,33.3953333333333,936.20926,12.2886666666667,71.1666666666667,84.99,203.532666666667,5.538,2.63266666666667,16.5113333333333,3.804,1.59533333333333,10.1006666666667,9.35466666666667,16.9286666666667,29.0446666666667,13.0526666666667,0.258,3.53666666666667,4.762,3.36866666666667,-4.06533333333333
2020-04-01,37.2433333333333,66.218,24.0326666666667,20.788,,72.3046666666667,67.1126666666667,12.7013333333333,1.21,66.0393333333333,33.9606666666667,931.867013333333,11.582,71.4306666666667,85.2126666666666,207.855333333333,5.51733333333333,2.36733333333333,14.938,3.85,1.80133333333333,9.83133333333334,9.158,16.308,26.5366666666667,10.1113333333333,0.228,3.28733333333333,4.702,3.38466666666667,-4.02933333333333
2020-05-01,35.674,65.0333333333333,23.566,20.3953333333333,,71.71,66.7706666666667,13.108,1.19466666666667,65.6633333333333,34.3366666666667,930.75456,10.9926666666667,71.9973333333333,85.3106666666666,206.464,5.47933333333333,2.3,13.8386666666667,3.848,1.81733333333333,9.764,9.10733333333333,16.0813333333333,25.6886666666667,9.54133333333333,0.267333333333333,4.024,4.74866666666667,3.426,-4.008
2020-06-01,35.5566666666667,64.6353333333333,23.4553333333333,20.0853333333333,,71.8906666666667,66.9,13.15,1.17533333333333,65.7133333333334,34.2866666666667,923.774373333333,10.9533333333333,72.1313333333333,85.1333333333333,204.911333333333,5.68533333333333,2.26733333333333,10.8,3.95533333333333,1.794,9.84133333333333,9.19266666666667,16.3406666666667,24.9613333333333,9.218,0.296666666666667,4.45133333333333,4.66933333333333,3.444,-3.89933333333333
2020-07-01,34.744,60.9273333333333,22.136,18.97,,71.488,66.6213333333333,13.674,1.148,65.894,34.106,920.844853333333,10.6793333333333,72.0733333333333,85.1106666666667,204.982,5.906,2.34533333333333,10.8673333333333,4.01666666666667,1.78666666666667,9.742,9.07466666666667,16.456,25.72,9.99466666666667,0.300666666666667,4.54133333333333,4.64866666666667,3.456,-3.88466666666667
2020-08-01,36.9313333333333,62.3786666666667,22.5033333333333,19.1753333333333,,70.846,65.95,14.1993333333333,1.094,65.712,34.288,927.221593333333,11.0766666666667,71.5306666666667,84.4153333333333,213.716,5.95533333333333,2.34733333333333,10.316,4.10733333333333,1.80933333333333,9.756,9.07666666666666,16.792,25.6453333333333,10.0186666666667,0.289333333333333,4.478,4.59466666666667,3.46466666666667,-3.82666666666667
2020-09-01,36.892,62.6193333333333,23.194,19.904,42.8713333333333,70.8146666666667,65.6686666666667,14.48,1.068,66.0886666666667,33.9113333333333,925.484893333333,11.6733333333333,70.81,83.7346666666667,219.980666666667,5.98,2.164,9.85133333333333,4.17733333333333,1.80533333333333,9.422,8.84866666666667,16.8806666666667,23.3813333333333,8.08333333333333,0.284,4.55733333333333,4.57,3.46066666666667,-3.786
2020-10-01,36.704,63.4793333333333,23.374,19.6726666666667,,69.99,64.9873333333333,14.772,1.19266666666667,65.9993333333333,34.0006666666667,924.5784,11.1353333333333,71.5653333333334,83.8853333333333,220.292,5.87733333333333,2.13333333333333,10.0826666666667,4.182,1.812,9.62666666666667,9.016,16.988,22.9553333333333,7.77133333333333,0.268666666666667,4.458,4.58533333333333,3.49266666666667,-3.79933333333333
2020-11-01,36.6493333333333,62.9206666666667,23.4473333333333,19.5446666666667,,70.0166666666667,64.878,14.8706666666667,1.18066666666667,66.1606666666667,33.8393333333333,924.706413333333,11.256,71.6226666666667,83.4293333333333,218.301333333333,5.89133333333333,2.09333333333333,9.48733333333334,4.19666666666667,1.798,9.60666666666667,9.01133333333333,17.54,22.134,7.534,0.28,4.74333333333333,4.60133333333333,3.49666666666667,-3.778
2020-12-01,40.438,67.0113333333333,24.6446666666667,20.73,,69.8826666666667,64.6613333333333,15.3786666666667,1.148,65.2153333333333,34.7846666666667,919.151753333333,12.3533333333333,70.3553333333333,82.3086666666667,239.760666666667,6.33133333333333,1.954,8.002,4.17,1.74266666666667,9.34866666666667,8.73733333333333,17.5393333333333,20.49,6.59266666666667,0.175333333333333,3.47066666666667,4.29066666666667,3.48466666666667,-3.58533333333333
2021-01-01,43.0966666666667,70.3573333333333,25.714,21.6273333333333,,70.0093333333333,65.3226666666667,15.2666666666667,1.14266666666667,65.562,34.438,915.26166,13.0386666666667,69.2706666666667,81.578,241.584666666667,6.69266666666667,2.01933333333333,7.526,4.24733333333333,1.74666666666667,9.25666666666667,8.68066666666667,18.3013333333333,20.7253333333333,6.92333333333333,0.254666666666667,4.49133333333333,4.20733333333333,3.66,-3.56933333333333
2021-02-01,43.0053333333333,70.9973333333333,25.7586666666667,21.7466666666667,,69.7066666666667,65.278,15.5846666666667,1.12933333333333,65.1713333333333,34.8286666666667,909.77054,12.9013333333333,69.1786666666667,81.524,248.739333333333,7.21666666666667,2.35533333333333,8.46,4.28333333333333,1.72466666666667,9.354,8.71666666666667,17.43,23.9546666666667,9.808,0.0473333333333333,2.94733333333333,3.84666666666667,3.49866666666667,-3.514
2021-03-01,43.2126666666667,71.3753333333333,25.538,21.5706666666667,,69.5253333333333,65.022,15.724,1.08533333333333,64.856,35.144,905.039893333333,12.7646666666667,69.2086666666667,81.6286666666667,251.904666666667,8.35466666666667,2.41066666666667,7.38066666666667,4.32133333333333,1.70933333333333,9.48666666666667,8.80933333333333,17.5486666666667,23.1493333333333,9.00066666666667,0.08,3.38066666666667,3.87933333333333,3.56466666666667,-3.55133333333333
2021-04-01,39.9966666666667,68.3653333333333,25.0326666666667,20.844,,69.7473333333333,65.4593333333333,15.546,1.06866666666667,64.084,35.916,901.215913333333,11.9253333333333,69.4073333333333,82.3466666666667,240.165333333333,10.8806666666667,2.24666666666667,5.886,4.31133333333333,1.758,9.67266666666666,8.938,17.99,22.9173333333333,8.53933333333333,0.014,2.77,3.826,3.55666666666667,-3.55466666666667
2021-05-01,39.1993333333333,67.9893333333333,24.2153333333333,20.402,,69.7086666666667,65.3353333333333,15.842,1.034,61.7066666666667,38.2933333333333,898.265466666666,11.4626666666667,69.6146666666667,82.678,237.929333333333,13.038,2.3,5.36733333333333,4.288,1.81266666666667,9.562,8.86333333333333,17.4126666666667,23.5973333333333,8.95733333333333,0.0193333333333333,2.794,3.84066666666667,3.56866666666667,-3.55533333333333
2021-06-01,40.1693333333333,68.5466666666667,24.486,20.7346666666667,,69.6506666666667,65.3173333333333,15.962,1.012,60.9646666666667,39.0353333333333,896.526166666667,11.864,69.396,82.4533333333333,241.326666666667,14.8593333333333,2.20933333333333,4.732,4.26533333333333,1.758,9.528,8.68666666666667,16.2633333333333,21.884,8.17866666666667,0.096,4.09733333333333,3.90866666666667,3.56066666666667,-3.54666666666667
2021-07-01,39.6533333333333,68.5473333333333,24.312,20.8013333333333,,69.7793333333333,65.3153333333333,15.93,0.99,61.0826666666667,38.9173333333333,894.74116,11.7886666666667,69.414,82.4933333333333,240.815333333333,16.5886666666667,2.21266666666667,4.28733333333333,4.256,1.73466666666667,9.44466666666667,8.62,16.3906666666667,21.932,8.37933333333333,0.144666666666667,4.42066666666667,3.96466666666667,3.56933333333333,-3.534
2021-08-01,38.6826666666667,67.6993333333333,24.5233333333333,21.0766666666667,,70.1033333333333,65.5933333333333,15.7406666666667,0.952,61.2846666666667,38.7153333333333,893.434786666667,11.8873333333333,69.3993333333333,82.39,245.718666666667,17.8526666666667,2.16133333333333,3.93066666666667,4.228,1.71466666666667,9.39466666666667,8.618,16.26,21.5066666666667,8.06666666666667,0.189333333333333,4.62066666666667,4.028,3.58666666666667,-3.53866666666667
2021-09-01,37.95,66.6193333333333,24.4793333333333,20.9413333333333,,70.3973333333333,65.624,15.298,0.93,61.3586666666667,38.6413333333333,893.478246666667,11.7933333333333,69.4766666666667,82.4433333333333,245.398666666667,18.8806666666667,2.11133333333333,3.55,4.184,1.67666666666667,9.438,8.642,16.3073333333333,21.1353333333333,7.964,0.212,4.83266666666667,4.06933333333333,3.584,-3.52
2021-10-01,35.8413333333333,64.1166666666667,23.78,20.3473333333333,,70.2026666666667,65.4466666666667,15.3706666666667,0.952,61.3433333333333,38.6566666666667,886.868373333333,11.3326666666667,70.0286666666667,82.7966666666667,236.446666666667,19.6226666666667,2.06466666666667,3.26733333333333,4.138,1.67866666666667,9.43666666666667,8.64933333333333,15.8293333333333,20.672,7.884,0.244,5.086,4.12266666666667,3.602,-3.534
2021-11-01,35.2573333333333,64.0526666666667,23.4906666666667,20.164,,70.0113333333333,65.298,15.4486666666667,0.935333333333333,63.9733333333333,36.0266666666667,886.61772,10.9486666666667,70.2093333333333,83.1653333333333,232.572666666667,20.1966666666667,2.032,3.21533333333333,4.092,1.67066666666667,9.51,8.69666666666667,15.6453333333333,20.282,7.77133333333333,0.267333333333333,5.43933333333333,4.13333333333333,3.582,-3.49866666666667
2021-12-01,35.4393333333333,63.284,23.3753333333333,20.2313333333333,,70.2573333333333,65.7033333333333,15.2746666666667,0.933333333333333,63.4206666666667,36.5793333333333,886.39754,11.314,70.032,82.7273333333333,241.802,20.8273333333333,1.98066666666667,3.31666666666667,4.05333333333333,1.67933333333333,9.51733333333333,8.71933333333333,15.3186666666667,18.904,7.22533333333333,0.360666666666667,6.63866666666667,4.20266666666667,3.576,-3.40666666666667
2022-01-01,34.1826666666667,61.3646666666667,22.7053333333333,19.5846666666667,,70.608,65.9546666666667,14.9013333333333,0.932666666666667,63.8806666666667,36.1193333333333,883.782326666667,10.8686666666667,70.2253333333333,83.0413333333333,237.179333333333,21.0866666666667,2.08333333333333,3.426,4.05533333333333,1.70733333333333,9.53333333333333,8.72066666666667,15.582,20.038,8.04133333333333,0.551333333333333,7.29266666666667,4.54733333333333,3.64933333333333,-3.49733333333333
2022-02-01,34.7533333333333,63.9193333333333,23.414,20.122,,70.1206666666667,65.556,15.148,0.982,63.7346666666667,36.2653333333333,883.759766666667,10.8753333333333,69.8406666666667,83.0273333333333,238.548666666667,21.0506666666667,2.22866666666667,4.004,4.06666666666667,1.72466666666667,9.552,8.728,15.5053333333333,21.6913333333333,9.36533333333333,0.386,5.20133333333333,4.28466666666667,3.48333333333333,-3.43666666666667
2022-03-01,35.032,63.396,23.3606666666667,20.0006666666667,,69.734,65.1833333333334,15.7306666666667,1.00066666666667,63.4613333333333,36.5386666666667,882.799086666667,10.9813333333333,69.6273333333333,82.76,240.938666666667,21.0733333333333,2.27333333333333,4.17333333333333,4.1,1.75133333333333,9.5,8.87266666666667,15.7706666666667,22.5646666666667,9.91466666666667,0.318666666666667,4.05933333333333,4.20266666666667,3.53733333333333,-3.46066666666667
2022-04-01,33.646,62.8953333333333,23.0953333333333,19.6793333333333,,69.576,65.4753333333333,15.87,0.991333333333333,62.5453333333333,37.4546666666667,887.32886,10.4506666666667,69.8926666666667,83.296,231.364,20.8433333333333,2.33933333333333,4.53933333333333,4.06133333333333,1.77066666666667,9.44533333333333,8.82133333333333,16.808,23.7813333333333,10.634,0.294666666666667,3.672,4.20533333333333,3.53066666666667,-3.51933333333333
2022-05-01,31.18,61.6813333333333,22.6533333333333,19.126,42.8553333333333,69.5513333333333,65.4233333333333,15.9253333333333,1.04133333333333,62.606,37.394,883.692406666667,9.57333333333333,70.4046666666667,84.1026666666667,224.796,20.6053333333333,2.438,5.156,4.08533333333333,1.77866666666667,9.65466666666667,8.986,16.398,24.844,11.4066666666667,0.291333333333333,3.98,4.242,3.55666666666667,-3.554
2022-06-01,32.6173333333333,60.5953333333333,22.2866666666667,19.1306666666667,41.9113333333333,69.6906666666667,65.5173333333333,16.0266666666667,1.03666666666667,62.8493333333333,37.1506666666667,883.867233333333,10.3006666666667,70.3953333333333,83.502,231.73,20.2513333333333,2.41,5.10666666666667,4.08866666666667,1.77333333333333,9.48133333333333,8.92933333333333,16.3946666666667,24.6246666666667,11.222,0.316666666666667,4.23066666666667,4.27866666666667,3.53466666666667,-3.562
2022-07-01,33.094,61.0886666666667,22.0746666666667,18.826,42.3473333333333,69.314,65.106,15.9593333333333,1.02533333333333,63.0486666666667,36.9513333333333,879.487806666667,10.0506666666667,70.7986666666667,83.692,230.572666666667,20.0826666666667,2.564,5.63466666666667,4.092,1.79266666666667,9.714,9.13266666666667,16.6933333333333,26.192,12.44,0.342,4.67733333333333,4.31533333333333,3.55133333333333,-3.57133333333333
2022-08-01,30.658,57.8906666666667,21.152,18.142,40.3033333333333,69.9966666666667,65.8293333333333,15.5646666666667,0.975333333333333,63.9833333333333,36.0166666666667,876.9083,9.46,71.5673333333333,84.2906666666667,221.986666666667,19.7226666666667,2.506,5.67333333333333,4.038,1.73466666666667,9.74666666666667,9.14866666666667,16.2153333333333,25.5066666666667,11.9346666666667,0.355333333333333,5.004,4.33733333333333,3.57266666666667,-3.58133333333333
2022-09-01,31.6173333333333,59.218,22.466,19.2153333333333,42.0886666666667,70.4153333333333,66.1,15.5086666666667,0.921333333333333,64.414,35.586,866.454606666667,10.4786666666667,70.6653333333333,83.36,226.746666666667,19.5193333333333,2.544,5.85533333333333,4.03133333333333,1.758,9.35933333333333,8.83533333333333,16.7273333333333,25.82,12.0213333333333,0.368,5.08666666666667,4.31466666666667,3.56266666666667,-3.558
2022-10-01,30.38,56.85,21.2806666666667,18.252,40.9266666666667,70.36,66.0053333333333,15.404,0.896666666666667,64.018,35.982,867.998513333333,9.79866666666666,71.5806666666667,83.962,222.736666666667,19.302,2.64133333333333,6.30533333333334,4.05733333333333,1.784,9.628,9.074,16.432,26.9573333333333,12.716,0.368666666666667,5.194,4.31066666666667,3.58733333333333,-3.552
2022-11-01,30.4386666666667,57.286,21.0713333333333,18.0933333333333,40.7046666666667,69.9646666666667,65.6153333333333,15.3833333333333,0.912,62.6586666666667,37.3413333333333,867.28722,9.52133333333333,71.6586666666667,84.1806666666667,221.976666666667,19.1773333333333,2.68133333333333,6.57333333333333,4.062,1.806,9.82066666666667,9.27,15.9726666666667,27.2026666666667,12.816,0.386666666666667,5.55666666666667,4.33,3.58666666666667,-3.55666666666667
2022-12-01,33.2573333333333,58.224,21.6533333333333,18.82,41.3873333333333,70.07,66.1373333333333,15.3933333333333,0.902666666666667,62.8326666666667,37.1673333333333,864.05904,10.758,70.8206666666667,83.1026666666667,239.116666666667,19.1886666666667,2.586,6.422,4.03933333333333,1.83666666666667,9.56333333333333,9.04066666666667,16.0326666666667,26.0393333333333,11.626,0.416666666666667,6.26866666666667,4.32933333333333,3.568,-3.43266666666667
2023-01-01,33.7206666666667,59.4226666666667,21.166,18.396,41.5233333333333,69.932,65.924,15.744,0.9,63.084,36.916,865.189853333333,10.212,71.1813333333333,83.588,229.263333333333,19.126,2.754,6.49,4.11466666666667,1.93,9.52733333333333,8.99666666666667,15.7873333333333,28.1066666666667,12.99,0.298,3.68733333333333,4.29733333333333,3.66733333333333,-3.54733333333333
2023-02-01,31.9126666666667,58.0066666666667,20.21,17.704,39.9913333333333,69.692,65.646,15.878,0.892,63.32,36.68,866.038253333333,9.46666666666667,71.92,84.138,224.63,18.9226666666667,2.98133333333333,7.626,4.09466666666667,1.93933333333333,9.54666666666667,9.01,15.3126666666667,30.4126666666667,15.2293333333333,0.368,5.20533333333333,4.288,3.53466666666667,-3.548
2023-03-01,30.4866666666667,56.9753333333333,19.4466666666667,16.998,37.3166666666667,69.094,64.934,16.4233333333333,0.913333333333333,64.04,35.96,866.327833333333,8.94666666666667,72.5233333333333,84.6433333333333,211.492666666667,18.772,2.89333333333333,7.49066666666667,4.14133333333333,1.92266666666667,9.50933333333333,8.98533333333333,15.6986666666667,29.8193333333333,14.1553333333333,0.425333333333333,5.17266666666667,4.384,3.78733333333333,-3.576
2023-04-01,32.78,60.5664285714286,20.44,17.74,39.6564285714286,67.9507142857143,63.68,16.8528571428571,0.953571428571429,63.8271428571429,36.1728571428571,869.101807142857,9.57071428571429,72.8464285714286,84.2921428571429,207.621428571429,19.4578571428571,3.09571428571429,8.38642857142857,4.26642857142857,2.07642857142857,9.77,9.23214285714286,15.5585714285714,31.5057142857143,15.1135714285714,0.482857142857143,5.90642857142857,4.55,3.73714285714286,-3.64
2023-05-01,36.5042857142857,60.9192857142857,20.7092857142857,17.9264285714286,41.8757142857143,67.9335714285714,45.8857142857143,17.2778571428571,0.980714285714286,60.5542857142857,39.4457142857143,698.385421428571,10.72,73.1442857142857,83.3764285714286,229.882142857143,19.0071428571429,3.07785714285714,7.84428571428571,4.41142857142857,2.05571428571429,9.75142857142857,9.20214285714286,16.42,32.2907142857143,15.5935714285714,0.461428571428571,6.06142857142857,4.5,3.70714285714286,-3.62214285714286
2023-06-01,41.4292857142857,65.0728571428571,22.4121428571429,19.1607142857143,47.2192857142857,68.2342857142857,42.8814285714286,16.9828571428571,0.972857142857143,60.8085714285714,39.1914285714286,662.614157142857,11.9464285714286,71.9757142857143,82.4928571428571,236.855714285714,19.05,3.09714285714286,7.88071428571429,4.50357142857143,2.07428571428571,9.80642857142857,9.24071428571429,17.0371428571429,32.4671428571429,15.3,0.472142857142857,6.1,4.49428571428571,3.73071428571429,-3.64
2023-07-01,39.54,64.9614285714286,22.4921428571429,19.2278571428571,47.8735714285714,68.485,42.645,16.75,0.965714285714286,58.3457142857143,41.6542857142857,650.585078571428,11.5957142857143,71.9614285714286,82.7085714285714,235.031428571429,18.935,3.325,8.77357142857143,4.585,2.14714285714286,9.86714285714286,9.305,16.9921428571429,35.2628571428572,16.9728571428571,0.458571428571429,5.65285714285714,4.47357142857143,3.76857142857143,-3.63571428571429
2023-08-01,39.81,65.9814285714286,22.9492857142857,19.7,51.14,68.5857142857143,40.4871428571429,16.7885714285714,0.969285714285714,58.2521428571429,41.7478571428571,631.4026,11.8435714285714,71.5985714285714,82.4771428571429,236.639285714286,18.8021428571429,3.35785714285714,8.94142857142857,4.62785714285714,2.22,9.70642857142857,9.16,17.0221428571429,35.4807142857143,16.8307142857143,0.466428571428571,5.78357142857143,4.46142857142857,3.60071428571429,-3.61928571428572
2023-09-01,40.0207142857143,67.2321428571429,23.3528571428571,20.1428571428571,52.725,68.6728571428572,40.4107142857143,16.56,0.947142857142857,58.3707142857143,41.6292857142857,622.1559,12.0021428571429,71.2185714285714,82.3807142857143,237.241428571429,18.8128571428571,3.38285714285714,8.78428571428571,4.66714285714286,2.25928571428571,9.71714285714286,9.19642857142857,17.0192857142857,34.9378571428571,16.5778571428571,0.475,5.87928571428571,4.46357142857143,3.60357142857143,-3.62285714285714
2023-10-01,39.7442857142857,66.8471428571429,23.6392857142857,20.1757142857143,52.6828571428571,69.24,40.44,16.0735714285714,0.942142857142857,58.3657142857143,41.6342857142857,626.725635714286,11.98,71.2707142857143,82.4221428571429,233.552142857143,18.845,3.505,9.225,4.75214285714286,2.36857142857143,9.90428571428572,9.35285714285714,17.3371428571429,36.3971428571429,17.65,0.439285714285714,5.52285714285714,4.43,3.64071428571429,-3.635
2023-11-01,39.4135714285714,67.445,23.8578571428571,20.5735714285714,53.0935714285714,69.2107142857143,39.4371428571429,16.1792857142857,0.938571428571429,57.6692857142857,42.3307142857143,614.381942857143,12.0664285714286,71.0885714285714,82.2728571428571,231.43,18.7471428571429,3.54322831295353,9.28689509446236,4.76785714285714,2.39142857142857,9.69357142857143,9.30285714285714,17.24,36.4692857142857,17.3064285714286,0.477857142857143,5.66142857142857,4.44285714285714,3.64142857142857,-3.59142857142857
2023-12-01,40.17,67.85,24.5264285714286,21.2242857142857,53.2814285714286,69.5685714285714,39.75,15.6371428571429,0.919285714285714,57.8121428571429,42.1878571428571,604.346685714286,12.5214285714286,70.33,81.8657142857143,241.295,18.8135714285714,3.50357142857143,9.10785714285714,4.77928571428571,2.435,9.845,9.44142857142857,17.3364285714286,35.515,16.3842857142857,0.498571428571429,6.64571428571429,4.45071428571429,3.65285714285714,-3.53428571428571
2024-01-01,39.2421428571429,67.9114285714286,25.055,21.6457142857143,54.14,70.2178571428571,39.9071428571429,15.4628571428571,0.966428571428571,58.715,41.285,605.81635,12.3871428571429,69.9964285714286,81.9457142857143,232.230714285714,18.8021428571429,3.70142857142857,9.78357142857143,4.89142857142857,2.53071428571429,9.66857142857143,9.28357142857143,17.3942857142857,37.4842857142857,17.5614285714286,0.540714285714286,3.42857142857143,4.35928571428571,3.83071428571429,-3.39785714285714
2024-02-01,41.5078571428571,69.105,25.3792857142857,21.9414285714286,55.5992857142857,70.005,39.4628571428571,15.6028571428571,0.952857142857143,58.8935714285714,41.1064285714286,611.102385714286,12.8914285714286,69.69,81.4092857142857,241.549285714286,18.8092857142857,4.00785714285714,10.8464285714286,4.99285714285714,2.61285714285714,9.59,9.22642857142857,17.6142857142857,40.3885714285714,19.5635714285714,0.897142857142857,5.46,4.74285714285714,3.725,-3.46642857142857
2024-03-01,41.4728571428571,70.02,25.92,22.4807142857143,58.2628571428572,71.7371428571429,41.1264285714286,13.7107142857143,0.956428571428572,61.0871428571429,38.9128571428571,630.806278571429,13.1335714285714,69.0814285714286,81.185,246.547142857143,18.71,4.03614420227084,10.7129274076096,5.10214285714286,2.65214285714286,9.45785714285714,9.04928571428571,17.465,41.4342857142857,19.5114285714286,0.615,3.37714285714286,4.365,3.78357142857143,-3.42714285714286
2024-04-01,39.8028571428571,68.77,25.1864285714286,21.5757142857143,56.6064285714286,71.8242857142857,64.88,13.8792857142857,0.943571428571428,60.5921428571428,39.4078571428571,861.634871428572,12.165,69.98,82.1485714285714,227.123571428571,18.6878571428571,4.00785714285714,10.96,5.15142857142857,2.69071428571429,9.75714285714286,9.33071428571428,18.1178571428571,40.1928571428571,18.55,0.683571428571429,4.96,4.56642857142857,3.78142857142857,-3.52428571428571
2024-05-01,38.2942857142857,67.4328571428572,24.9107142857143,21.3071428571429,55.7,72.0121428571428,67.1878571428571,13.375,0.934285714285714,63.0978571428572,36.9021428571429,883.47295,11.8585714285714,70.3092857142857,82.4764285714286,223.707142857143,18.5407142857143,4.09785714285714,11.4385714285714,5.20928571428571,2.82571428571429,9.89071428571428,9.45714285714286,18.0728571428571,40.9535714285714,18.6542857142857,0.645,5.15142857142857,4.57,3.82285714285714,-3.57714285714286
2024-06-01,39.6292857142857,68.5407142857143,24.7578571428571,21.4692857142857,56.5857142857143,71.75,66.8,13.275,0.922857142857143,63.2435714285714,36.7564285714286,883.343242857143,12.1114285714286,70.1207142857143,82.125,228.504285714286,18.4285714285714,4.06571428571429,11.4821428571429,5.21142857142857,2.81428571428571,9.77428571428571,9.34357142857143,17.3628571428571,40.2792857142857,18.3078571428571,0.622142857142857,5.88571428571428,4.58571428571429,3.79928571428571,-3.61285714285714
2024-07-01,38.6228571428571,67.5128571428571,24.845,21.2892857142857,56.5421428571429,72.2428571428571,67.2064285714286,12.9185714285714,0.913571428571429,63.4021428571429,36.5978571428571,879.972985714286,11.9078571428571,70.6321428571429,82.6035714285714,219.972857142857,18.3678571428571,4.08571428571429,11.66,5.29,2.86071428571429,10.1042857142857,9.64928571428571,17.7157142857143,39.4985714285714,17.5985714285714,0.652142857142857,5.78214285714286,4.67642857142857,3.81714285714286,-3.665
2024-08-01,38.3335714285714,66.8492857142857,25.2192857142857,21.6285714285714,56.605,72.6514285714286,67.4907142857143,12.47,0.893571428571429,64.315,35.685,882.1627,12.2457142857143,70.3185714285714,82.2557142857143,220.49,18.1635714285714,4.10071428571429,11.86,5.29571428571429,2.86428571428571,10.0728571428571,9.61428571428571,17.4878571428571,39.5535714285714,17.6892857142857,0.660714285714286,6.22857142857143,4.68857142857143,3.82928571428571,-3.67642857142857
2024-09-01,36.7742857142857,64.92,24.5642857142857,21.4128571428571,55.435,73.2242857142857,67.8728571428571,11.84,0.91,64.5914285714286,35.4085714285714,879.921485714286,12.0792857142857,70.5185714285714,82.4307142857143,225.699285714286,18.0285714285714,4.14785714285714,12.2264285714286,5.33214285714286,2.84714285714286,9.95928571428571,9.51785714285714,16.6264285714286,40.7964285714286,18.4028571428571,0.597857142857143,5.74357142857143,4.64142857142857,3.815,-3.68428571428571
2024-10-01,33.8217607139612,64.2863999565454,24.748678022685,21.3727827311277,56.3940926528562,73.3112334014306,68.0216011686291,11.8226804113762,0.870773969932579,62.0628207436239,37.9371792563761,879.876450119455,11.1493170390074,70.5861926038876,83.3982669243794,209.43709748587,17.8272359747875,4.07640681987124,12.4273042305213,5.27703286782452,2.8370660668152,10.0942323364918,9.62789565668055,16.9901908399344,39.9153074353683,18.0832967530682,0.679192398503605,7.04191570669884,4.77287342548491,3.81591194000863,-3.70751001047229
2024-11-01,34.5827167320991,66.5744316127494,25.0924341255797,21.6611581909012,55.2342421185894,72.703250296735,67.422843435741,11.9242890662599,0.865328358858249,61.3933195065702,38.6066804934298,879.499241926149,11.0829571091132,70.4634647595115,83.5301611201976,209.109682142336,17.6585875967921,3.94475315211403,12.1891409213691,5.23008019281694,2.78829678089017,10.2064652928418,9.71578313146935,16.8624734455099,38.3153719252862,16.0183437395862,0.734076473061424,7.98983493429753,4.84287403891762,3.80082449140298,-3.72450306009476
2024-12-01,33.954187329818,64.1385309958152,24.8940618600745,21.5381050448543,52.9410335015091,73.1751147569748,67.9970582575188,11.8692609067829,0.855922240416652,60.558610431544,39.441389568456,875.174629235146,11.4363886855318,70.6259184240345,83.250922760528,209.69466111818,17.739008591064,3.74865630711651,11.4268510343167,5.06551803555355,2.71302048222489,10.2442102731926,9.74578075698911,16.5627720721241,35.3935026122902,14.5140139822468,0.843875660333025,9.85899534145604,4.93987672528754,3.80475877556835,-3.69889964122587
2025-01-01,34.7299366239037,64.6324760662755,25.2371444860342,21.8684069872655,53.8936573140242,73.2909771210551,68.0764642672246,11.7525341753388,0.847717910630617,61.0151407051399,38.9848592948601,876.695531100051,11.6566258572764,70.1984920490334,82.9640199252017,214.597837197953,17.7577585400325,3.8394799795352,11.8679196653325,5.14209215772201,2.79265399898671,10.2030254022185,9.68519074849754,17.0569218141754,36.642689462935,15.0333486091748,0.426787798233422,4.84759936384012,4.62987498914963,3.92700155813101,-3.89934509392819
2025-02-01,35.9918229332485,65.5564194377355,26.2647033105821,22.7155678833436,55.0394536443298,73.6618050843249,68.2811128275974,11.5673238811222,0.807517544386002,60.9659257400256,39.0340742599744,879.550132975,12.4267166160368,69.4930311631684,82.3755692373025,225.653411970027,17.7017417078511,3.89338505299709,12.0655234104802,5.16482941075714,2.82508836521608,10.0115656798258,9.48462142054469,17.7443779443287,37.8691848339529,15.7932876019127,0.377553118744962,4.11857969281783,4.49916177491434,3.72546978411082,-3.88356684331512
2025-03-01,35.3835764344167,64.9449608442667,25.9810601823863,22.5169994664383,54.3593900202917,73.7199710295746,68.2752202437645,11.5347232239542,0.805451094109784,62.0959409584099,37.9040590415901,879.575959462735,12.1747835394358,69.6269962783563,82.5736585847229,219.748245429316,17.6246124691445,3.876912011816,12.1174427955033,5.16281156709808,2.79990518114432,9.93333720986367,9.41442983205478,17.7603040118043,37.7514005109552,15.7340955664324,0.460049878059808,5.23917402749486,4.58714169605246,3.81101682887132,-3.85259754213979
2025-04-01,33.6958166977257,62.9691100440487,24.5722497445441,21.1840235417449,51.7725723854586,73.2648908105652,68.1629659565261,11.7338634240704,0.823554482573489,60.3592917901548,39.6407082098452,881.253163382515,11.2607061399144,70.8960021100606,83.473310504221,206.94601283364,17.4380524807061,3.82731997378799,12.161804035917,5.16579660669949,2.80987963053293,10.1410656353546,9.59243981292557,17.7252608481944,37.4163329693509,15.4266227073928,0.540432225572501,6.28738729938171,4.78950814163941,3.8048570564549,-3.89461887758142
2025-05-01,32.9852990358651,61.8990056633928,24.1244697872958,20.7552579162857,50.5672699964713,72.848094486918,67.8542972891589,11.8544799996354,0.828984478140969,60.023607120809,39.976392879191,877.450800679612,11.0304353270554,71.2974579840223,83.8171032957487,202.413538319153,17.2432875408224,3.77806449845687,12.182170432849,5.21423778505549,2.79623741676343,10.3290193668119,9.6820254971322,17.1988959755733,36.4097795524429,14.9259361661709,0.625492636300909,7.48505019180734,4.95762925178267,3.83583099515685,-3.95529335610147
2025-06-01,33.9952851668956,63.3787406378661,24.6997424966194,21.0418907491273,50.8039552771227,72.6761066271438,67.6266222810742,12.0410174495196,0.827241050132653,60.023607120809,39.976392879191,877.450800679612,11.2279123791271,71.0185082223256,83.7358911525779,197.317235132591,17.173792113395,3.71664101172616,12.0792373242318,5.21763711544248,2.79750418801162,10.4427334261934,9.7856898377696,17.670238472668,35.3879548017674,14.4855481383767,0.638491999615243,7.54200739890451,4.96283848602547,3.83813227823594,-3.97353634186968
2025-07-01,35.4571992031391,64.3569570606591,24.6935301796792,21.1491922094424,50.8640869420535,72.5106110494117,67.5286820812467,12.1456021621866,0.807210748941624,58.8447453545513,41.1552546454487,872.993097812009,11.6063382521042,70.9170167231763,83.4434584884151,200.643552890047,17.1494196951038,3.73248062839964,12.2903363452249,5.25930812179379,2.85949282565832,10.507148370987,9.85818924988346,17.3916802495039,35.18273927765,14.0730933320958,0.692816510874499,8.08586329681962,5.10685288544781,3.84991121887745,-4.02117093076881
2025-08-01,36.8434366384609,66.0096793400756,24.914862658807,21.3687617685296,53.7920482493575,72.3509030959385,67.3341137867787,11.7327747060309,0.794614038825022,58.5538383988375,41.4461616011625,864.467340604562,11.8286890861214,70.6572174665024,83.1713296025619,206.855273436168,17.1168051924638,3.75822783724497,12.4393108761679,5.30275505151092,2.90148847195928,10.8152200557718,10.129209330999,17.3787706244831,34.9104556175999,14.0063264256885,0.749549928924384,8.64819072617055,5.19220174356801,3.8771420348078,-4.06645043115322
2025-09-01,38.466435893165,67.6995616585973,26.4479231995669,22.576123168515,56.3834165624724,73.037210848815,68.0094987368247,11.3579366690873,0.828909011187203,59.3089054072692,40.6910945927308,864.6310070977,12.8099471823113,69.6040081079643,82.3750863154296,211.379699125451,16.9783280736921,3.74863976556424,12.5776937946823,5.27412666492113,2.90600242985004,10.6004882810614,9.94072211987806,17.558829797904,34.6307695805778,14.0871257559559,0.763247220154383,8.94712215720958,5.18194641773815,3.88343255247065,-4.04424223190541
2025-10-01,38.7207659118226,68.0905578723952,26.7065282209279,22.6652784766921,57.2139829646689,73.1449483028018,68.236420362493,11.2043940264397,0.85959480740541,58.3036474892937,41.6963525107063,860.868578482763,12.8177372275984,69.3025730920124,82.2617731573762,211.605399371139,16.7936435226151,3.66605225206833,12.4015390520287,5.19734123494491,2.90600242985004,10.8019091545318,10.1147492901198,17.6974091704246,34.0020433917802,13.8791312794479,0.810989387599554,9.40790572556618,5.25491825128928,3.88172378457138,-4.08615659328033
2025-11-01,39.1916822171516,69.1602679116105,27.4373516656518,23.2475560390489,58.7647183616555,72.8737751635883,67.9938041295681,11.1432647757846,0.838027734182553,57.9576333235043,42.0423666764957,854.867824946654,13.1095542456938,68.8466725209889,81.9442769915915,212.225451692819,16.7268228777781,3.73853267880235,12.9263943599805,5.1603269083352,2.81967925822672,10.7808952597997,10.1082284054318,17.6663247207705,34.2717034249868,14.3274913452453,0.803961883075093,9.3900428536458,5.21657425813415,3.89128280038431,-4.07146953013449
2025-12-01,38.900461351661,67.4318706661697,28.0203227074969,23.787293538019,58.3866194195165,73.8879782128611,69.1067099347399,10.6734099331138,0.820802853397648,57.7003492854175,42.2996507145825,855.317832009526,13.8446170354368,68.3234240176573,81.3358440930788,219.054097932355,16.541171468368,3.46765125839524,12.3542044238353,5.05215121297659,2.7306962835839,10.8866612288087,10.2068475589966,17.4069368054796,30.8423164358221,12.3678814357764,1.02306141352809,12.1521791403583,5.32566222203782,3.91151920910283,-4.04651558588382
