"Fecha","activos","cartera","fondeo","liquidez","solvencia","ICVLF_equal","ICVLF_alt_pesos","ICVLF_nucleo","ICVLF_pca_global","ICVLF_pca_interno","ICVLF_robust_z","ICVLF_equal_100","ICVLF_alt_pesos_100","ICVLF_pca_global_100","ICVLF_nucleo_100","ICVLF_pca_interno_100","ICVLF_robust_z_100","nivel_vulnerabilidad"
2010-01-01,-0.640668766340886,4.46533845961273,-1.70353109977243,-5.77915344948562,-3.2026338987565,-1.37212975094854,-2.19514941814795,-3.74134227462902,-2.40438933156689,-1.75580260078523,-2.09599602039525,1.94317389654522,0,0.453643656820131,0.0596735487854223,0.611183470370897,0,"Baja"
2010-02-01,-0.335983936980607,4.59292407359884,-1.63530724358723,-5.85275408349587,-3.055803337869,-1.25738490566677,-2.12433005341453,-3.74403066354155,-2.26288967234665,-1.6474071634606,-2.04742140767507,6.78445720433205,2.39030331180404,3.80471318949032,0,4.51375648000643,1.67926273783092,"Baja"
2010-03-01,-0.37680483548689,4.3341666079429,-1.263699609652,-5.73619756294646,-2.93918321555565,-1.19634372313962,-2.02390810513142,-3.49994858629923,-2.3002338227553,-1.57697790504444,-1.96937952395146,9.35989017764428,5.77975641495557,2.92030933051636,5.41783358654287,7.04942891943189,4.37723231469823,"Baja"
2010-04-01,-1.00337034227291,4.26983997860772,-1.77254069144095,-5.4104693473355,-3.17438736505376,-1.41818555349908,-2.16426773548282,-3.59150501938822,-2.42354453626249,-1.77277845220246,-2.04604951350985,0,1.04232209123032,0,3.38557655293379,0,1.72669020297959,"Baja"
2010-05-01,0.451396692141232,4.15333878767339,-2.80692330360976,-1.45908990556984,-2.73011847310306,-0.478279240493608,-0.794713818189997,-2.1330066045898,-0.359611860835371,-0.797177753720252,-0.641890775317619,39.6562715550575,47.2676628087295,48.879141788891,35.7595295563311,35.1246606688387,50.2695671298389,"Baja"
2010-06-01,0.397187082617286,3.90006762460133,-2.56344221728858,-1.11335671451972,-2.7039849843973,-0.416705841797398,-0.656345696760986,-1.83839946590415,-0.341111205973284,-0.721435594040937,-0.549891854069876,42.2541596482408,51.9378794951521,49.317284051455,42.2988562813402,37.8516140845136,53.4500425205932,"Baja"
2010-07-01,-0.223656934202518,0.736889082911369,-1.71223553346552,-1.48670311853319,-1.67088087136659,-0.871317474931291,-1.03850823968333,-1.59946932599935,-0.700672293564157,-0.959040055223669,-0.979390610464348,23.0733092526324,39.0390855645192,40.8019688033522,47.6023335027687,29.297114189803,38.6019311890083,"Baja"
2010-08-01,-0.370250078567858,0.711398031559508,-1.37263989605109,-1.30066125040008,-1.59154942327265,-0.784740523346436,-0.90637416103132,-1.33665057322559,-0.749306548146055,-0.871959338646978,-0.913951270628086,26.7261404496904,43.4988901249379,39.6501867448537,53.4360607556607,32.432290933028,40.8642208671228,"Baja"
2010-09-01,-0.355412903711599,0.855923382097946,-1.01008524914711,-1.39856006823469,-1.56731793799071,-0.695090555397233,-0.823672558210039,-1.2043226586909,-0.832150098648665,-0.765575374242801,-0.846136503971938,30.5086275174999,46.2902440979554,37.6882421041574,56.3733129615712,36.2624446589488,43.2086309270931,"Baja"
2010-10-01,-0.412210722088969,0.746726310416408,-1.3827222839176,-1.34304292246387,-1.58001431517326,-0.79425278664546,-0.923569687109966,-1.36288260319074,-0.768600668949134,-0.865817365395659,-0.883726678464893,26.3248016233949,42.91850475875,39.1932532035353,52.8537944352734,32.6534210804596,41.90910889697,"Baja"
2010-11-01,-0.441091600782744,0.738599296643128,-1.24730965318294,-1.10568996565131,-1.66266213288433,-0.743630811171641,-0.820458960183071,-1.17649980941713,-0.771601068383695,-0.789315206392538,-0.853219135260596,28.460630246169,46.398709826723,39.1221961622223,56.9908903313308,35.4077368364842,42.963778767852,"Baja"
2010-12-01,-0.913707514544908,0.538106810603952,-0.305093189327234,-0.812207870544817,-1.28426069707345,-0.555432492177292,-0.545312227320983,-0.558650529936025,-0.946150613407903,-0.59408915247204,-0.607327675407875,36.4010425414973,55.6854938760854,34.9884218090162,70.7051483203383,42.4364822118638,51.4644408000975,"Baja"
2011-01-01,-0.626159321695627,0.709329130715885,-0.593569573252897,-0.806966313581511,-1.32389519959712,-0.528252255482255,-0.550744651673427,-0.700267943417204,-0.77621216276911,-0.573930704410861,-0.604422223287637,37.5478236965919,55.5021380669836,39.0129937938747,67.5616992483446,43.162249063877,51.5648845753299,"Baja"
2011-02-01,-0.415201370320193,-0.240234536100745,-0.0812652021692342,-0.84622008034537,-1.2734128921158,-0.571266816210269,-0.542150003837909,-0.463742641257302,-0.863539979586536,-0.651736029318636,-0.648390506865889,35.7329650479706,55.7922256053619,36.9448503940664,72.8117968408726,40.3610152805617,50.0448662751396,"Baja"
2011-03-01,-0.640775059562362,-0.242355730633855,-0.531190334147781,-1.17316660468779,-1.74264363974184,-0.866026273754725,-0.850139877681288,-0.852178469417785,-1.11652708958888,-0.963753734631479,-0.904115572604484,23.2965541737559,45.3969160989704,30.953476272327,64.1897763312094,29.127407064789,41.2042487184355,"Baja"
2011-04-01,-1.09804479889411,-0.256940055270246,-1.03477102762938,-1.12577787715059,-1.91317425521547,-1.08574160283196,-1.04728016755625,-1.08027445238998,-1.2298316801487,-1.1756355987529,-1.04971038961571,14.0263847599189,38.7430144500086,28.2701372209892,59.1267823930047,21.4990006986145,36.1709208680078,"Baja"
2011-05-01,-1.48052162765356,-0.316476311347164,-0.903090342467729,-0.747567201847306,-1.65907997987678,-1.02134709263851,-0.922878795101275,-0.825328772157517,-1.20582285636346,-1.10370582913372,-0.864977094422858,16.7433004222053,42.9418238249784,28.8387268440691,64.7857528701208,24.0886962100999,42.5572968303045,"Baja"
2011-06-01,-1.19284110514882,-0.438426412238808,-0.48102320385769,-0.694367845342484,-1.48309238931857,-0.857950191181275,-0.756283913374293,-0.587695524600087,-1.11719691225299,-0.942736432830689,-0.746277402067747,23.6372980534407,48.5647533587375,30.9376131788443,70.0604432711606,29.8840953237005,46.6608389730315,"Baja"
2011-07-01,-0.944246088809429,-0.388953599790332,-1.03295914083421,-0.704752885164064,-1.33909236704833,-0.882000816329274,-0.838792485010773,-0.868856012999137,-0.850197384918739,-0.94396285939672,-0.755537980330454,22.6225606176551,45.7799145963838,37.2608367556196,63.8195887419487,29.8399401513701,46.340693466223,"Baja"
2011-08-01,-0.838874916141664,-0.167363022109622,-0.985375003875487,-0.780259927679391,-1.45200363386234,-0.8447753007337,-0.815570779780585,-0.882817465777439,-0.868874288980065,-0.906665643308941,-0.749347612525576,24.193169448353,46.5636962516753,36.8185204665952,63.5096895939497,31.1827559785971,46.5546993719022,"Baja"
2011-09-01,-0.731805628004707,-0.173485650114064,-0.606268283272503,-0.922015303450051,-1.36118594705692,-0.758952162379648,-0.746184713449151,-0.764141793361277,-0.918652278797784,-0.827358141916119,-0.691803719602713,27.814195962573,48.9056227116117,35.6396518672293,66.1439061295765,34.0380727893067,48.5440372124679,"Baja"
2011-10-01,-0.659045316799724,-0.141785205785699,-0.749312393026052,-0.649438006549473,-1.10878537650709,-0.661673259733607,-0.645634516587351,-0.699375199787763,-0.68747593609053,-0.736013034228843,-0.56668037896627,31.9185609684573,52.299404475484,41.1144918985722,67.5815152728328,37.3267808809119,52.8696499512471,"Baja"
2011-11-01,-0.13427797509795,-0.150212716489548,0.331322855259648,-0.454271439272159,-0.712980560731844,-0.22408396726637,-0.190135949741652,-0.0614742920062551,-0.523677543755741,-0.302083377693333,-0.239400563175528,50.3812093958066,67.6734442872172,44.9936517854458,81.7408546315919,52.9495986624774,64.1839717486735,"Moderada"
2011-12-01,0.0132968113333883,-0.225855779428549,0.0249753709148484,-0.427624033661201,-0.798777069249412,-0.282796940018185,-0.255186121191923,-0.201324331373176,-0.429942887760685,-0.365786881206029,-0.282109162002343,47.9040076161894,65.4778634480456,47.2135253285434,78.63663555528,50.6560743263625,62.7075017455471,"Baja"
2012-01-01,-0.330060660764951,-0.205233229420604,0.103673173232955,-0.339252702340439,-0.886856708153846,-0.331546025489377,-0.261799906854133,-0.117789764553742,-0.582481099855778,-0.416451017697255,-0.283002402503561,45.8471994590821,65.2546341966756,43.6010349668231,80.4908330730368,48.8320077742346,62.6766217157205,"Baja"
2012-02-01,-0.234106686445743,-0.433267570847825,0.679377099091077,-0.42840729283587,-0.702209311070503,-0.223722752421773,-0.150425347420871,0.125484903127604,-0.644548920788693,-0.324224725430934,-0.204771671397471,50.3964496742991,69.0137610861379,42.1311121074064,85.8907447757324,52.1524412524387,65.3811198957982,"Moderada"
2012-03-01,-0.304837643948531,-0.502279364561011,0.588424744310354,-0.473444998136748,-1.01302288480274,-0.341032029427736,-0.240969403026979,0.057489873086803,-0.782620279159351,-0.464721235143256,-0.292332711880732,45.4469685605907,65.9577077482673,38.861233402963,84.3814747726452,47.0941297562713,62.3540655491943,"Baja"
2012-04-01,-0.508065627710753,-0.463917764704222,0.569528103154539,-0.386761621509434,-0.960747445445885,-0.349992871243151,-0.234856795146502,0.0913832408225526,-0.808923196008333,-0.471893275325267,-0.267581332885495,45.0688951595751,66.1640211897315,38.2383138584304,85.1337980409264,46.835913994343,63.2097402757446,"Baja"
2012-05-01,-1.03096644597469,-0.524431506896784,0.436035169683784,-0.386897302819938,-1.14903943723312,-0.531059904648149,-0.374618900220065,0.024568933431923,-1.0506944311255,-0.647823154538655,-0.395398120009441,37.4293641265119,61.4467546076382,32.5125599990796,83.6507362662465,40.5018909473179,58.7910129639505,"Baja"
2012-06-01,-1.17479638123717,-0.552136161173424,0.845285061403493,-0.479138734268556,-1.14085011093014,-0.500327265241158,-0.329502184097723,0.183073163567469,-1.21941503737784,-0.622694487442457,-0.383481514864226,38.7260272907695,62.9695391789331,28.5168296470664,87.1690181136471,41.4066011491324,59.2029794184661,"Baja"
2012-07-01,-1.19736817004055,-0.421473822684347,0.285613644939504,-0.449143658515383,-1.30038166921684,-0.616550735103523,-0.458661335075926,-0.0817650067879394,-1.14731300907776,-0.742351045774257,-0.456047875743398,33.8223582567834,58.610144718179,30.2243878956983,81.2904663143455,37.0985927449315,56.6943029922361,"Baja"
2012-08-01,-1.00055654594089,-0.438571958823853,0.838719248179438,-0.367086210812182,-1.00901215638723,-0.395301524756943,-0.235570853092838,0.235816518683628,-1.06417338266773,-0.52198780284113,-0.298437181127383,43.1572447720045,66.1399202241217,32.1933443621344,88.3397502052606,45.0323551376325,62.1430292245366,"Baja"
2012-09-01,-0.760511532989565,-0.437412958170909,1.07218341065908,-0.451229815294575,-0.928530896653161,-0.301100358489825,-0.162426346027718,0.310476797682254,-1.01871827681338,-0.442290981614914,-0.26267964211877,47.1317547615658,68.608702006282,33.269836144321,89.996967202549,47.9016886736898,63.3791955981029,"Baja"
2012-10-01,-1.03173663032147,-0.264706645548668,1.18643864956733,-0.39062342361241,-0.836167912407869,-0.267359192464616,-0.118191818493817,0.397907612977461,-1.08362669522463,-0.399297611770776,-0.200724492434006,48.5553528627439,70.1017108472731,31.7326407577712,91.9376488493007,49.449583759389,65.5210340700157,"Baja"
2012-11-01,-0.776039742004391,-0.501789260120135,1.03597447370437,-0.497810975194925,-0.850453421951308,-0.318023785113278,-0.191959915405941,0.269081749254722,-1.00583393871362,-0.445467902887847,-0.276183345726715,46.4177261477183,67.6118815891561,33.574969832223,89.0781308577378,47.7873096230629,62.9123618958527,"Baja"
2012-12-01,-0.540949094101621,-0.726567448678073,1.46739348888951,-0.452526872894329,-0.860659487206276,-0.222661882798158,-0.067729463428219,0.507433307997591,-1.0162739288263,-0.35226823917374,-0.15520398857547,50.44120959696,71.8049220365964,33.3277244820873,94.368765446528,51.1427875019746,67.0947138516182,"Moderada"
2013-01-01,-0.69445018635655,-0.684989583640568,1.74667522924047,-0.427872630907333,-0.828655003180774,-0.177858434968952,-0.00286807932509477,0.659401299166567,-1.1135629417909,-0.305741556290668,-0.0951122817782204,52.3315444836749,73.9941309035989,31.0236747832696,97.7419639047554,52.8178928507685,69.1721316307072,"Moderada"
2013-02-01,-0.613278382875535,-0.591195751568197,1.40049522122054,-0.453336893747745,-0.669196791838461,-0.18530251976188,-0.0561349068569822,0.473579163736397,-0.950404251658472,-0.309257985998878,-0.147056812831727,52.0174656824769,72.1962628383029,34.887684905316,93.6173128126671,52.6912904401113,67.3763681537088,"Moderada"
2013-03-01,-0.88257205151653,-0.733005714116618,1.62709411008254,-0.403319854389208,-0.693141918954407,-0.216989085778845,-0.0460392782560008,0.611887127846666,-1.10540567727246,-0.348162925252601,-0.12842054763372,50.6805547061074,72.5370116514349,31.2168594223584,96.6873028000887,51.2905915765754,68.0206385650783,"Moderada"
2013-04-01,-1.21445416425872,-0.557843112735059,1.58143927337722,-0.280271688874397,-0.608034192624814,-0.215832777023156,-0.0293832835732838,0.650583792251409,-1.14308499004556,-0.306936470566626,-0.103031701356667,50.7293413706745,73.0991866921367,30.3245180715617,97.5462437369567,52.7748722189294,68.8983510391884,"Moderada"
2013-05-01,-1.2332502941505,-0.519998594050149,1.29717707009628,-0.226690808669655,-0.726894064077089,-0.281931338170224,-0.0907242551481172,0.53524313071331,-1.11395169481107,-0.372221429811025,-0.148493812024986,47.940528853962,71.0287991921002,31.0144681292832,94.9860536687822,50.4244105558678,67.3266899563049,"Baja"
2013-06-01,-1.08811399392775,-0.442253873503699,1.45787759347552,-0.190547862386262,-0.659894636242206,-0.184586554516879,0.00223300279475076,0.633664865544629,-1.05393580678232,-0.274257178599066,-0.0848640960678602,52.0476734933905,74.1663032117063,32.4357960318207,97.1706982221205,53.9514284094325,69.5264195072347,"Moderada"
2013-07-01,-1.01238848382321,-0.530393052583882,1.01373034870499,-0.138136146511788,-0.80252512166489,-0.293942491175757,-0.106584806730432,0.437797101096599,-0.971646529356287,-0.400979052821333,-0.156262762805477,47.4337575527313,70.4934720380519,34.3846140852876,92.8230666191082,49.3890466498652,67.0581111900083,"Baja"
2013-08-01,-1.02206159575551,-0.50236490154605,1.14032704454724,-0.203350687239576,-0.678395809024552,-0.253169189803689,-0.0825945348947302,0.468488178653833,-0.974325566385755,-0.329908059536567,-0.151335969221686,49.1540535961067,71.3031944414625,34.3211677178842,93.5043093907013,51.9478235412803,67.228434336585,"Moderada"
2013-09-01,-1.19656597150437,-0.663779748834665,1.18028857101577,-0.161878489934075,-0.681296129818672,-0.304646353815202,-0.108766799755706,0.509205040540847,-1.04893784800602,-0.386490482654711,-0.154624284590337,46.9821430911148,70.4198251594859,32.5541603266402,94.4080921852532,49.9106802561869,67.114754676376,"Baja"
2013-10-01,-1.35082005181704,-0.737561702208634,1.3365122433685,-0.268034980519714,-0.611701652496466,-0.32632122873467,-0.134111610693272,0.534238631424392,-1.15121509669671,-0.389335701753001,-0.177074733303307,46.0676426628968,69.5643841971283,30.1319765994045,94.9637570296899,49.8082435159186,66.3386249275205,"Baja"
2013-11-01,-1.50892482521212,-0.728920716821712,1.09721025451657,-0.221112984739487,-0.638868009922846,-0.400123256435918,-0.202650613327037,0.438048634888542,-1.15493343721444,-0.4342427530838,-0.225827254414151,42.9538075802533,67.2510479281584,30.043916898839,92.8286498566876,48.1914499423937,64.6532117560691,"Baja"
2013-12-01,-1.20541095302857,-0.812937000267108,0.699936768016096,-0.407417635676837,-0.783884027011436,-0.501942569593572,-0.348752576178365,0.146259566169629,-1.065702074352,-0.540575050521658,-0.378418412013845,38.6578748088071,62.319797740033,32.1571410796937,86.3518751809217,44.3631563880191,59.3780148840791,"Baja"
2014-01-01,-1.37975138600651,-0.811104155992459,1.19074936531084,-0.356191697200041,-0.586871268987711,-0.388633828575177,-0.214295210890922,0.417278834055398,-1.15158298517921,-0.420263402836219,-0.263063367069698,43.4385663960558,66.8580181371351,30.1232640703995,92.3676273768277,48.6947500472226,63.3659299233897,"Baja"
2014-02-01,-1.56455061988998,-0.494583088986421,0.97763893597889,-0.316784188635371,-0.61614886311795,-0.402885564930166,-0.236949674670912,0.33042737367176,-1.1536002673022,-0.430681870329077,-0.275422947090163,42.8372610114613,66.0933820802558,30.0754897315892,90.4398055374567,48.3196528010385,62.9386494774669,"Baja"
2014-03-01,-1.56374579031595,-0.486172180309211,0.669103285472322,-0.349156338111332,-0.72839206926546,-0.491672618505926,-0.335255799491205,0.159973473680495,-1.13596908826126,-0.527575942143778,-0.35257179740746,39.0911817922303,62.7753424930174,30.4930406093419,86.6562796237,44.8311647355745,60.2715527709914,"Baja"
2014-04-01,-1.1978650888636,-0.546847015167213,1.42037606553743,-0.173848189145131,-0.443673035852098,-0.188371452698123,-0.0118269690062708,0.623263938196148,-1.01047216399366,-0.220567664884983,-0.0896057633425076,51.8879820986133,73.6917494327172,33.4651249357245,96.9398312360785,55.8844179548644,69.3624963234231,"Moderada"
2014-05-01,-1.06146869765003,-0.546309162740463,1.29046364281774,-0.124246802306455,-0.470744202124338,-0.182461044400711,-0.00911156937383317,0.583108420255642,-0.926224151137555,-0.224493288664382,-0.0852662728152873,52.137352438189,73.7833999121972,35.4603307943525,96.048508463669,55.7430832844614,69.5125159393387,"Moderada"
2014-06-01,-1.00357195586378,-0.617888150511562,1.17136651931813,-0.122634687995327,-0.509570795298797,-0.216459814070269,-0.0442566064550143,0.5243659156614,-0.896892037391277,-0.246525773510593,-0.116514952597158,50.7028855941026,72.597180594291,36.1549893768935,94.7446146344127,54.9498452772332,68.4322243914393,"Moderada"
2014-07-01,-1.40535775963542,-0.701125481894015,0.776096235108017,0.0127607525036136,-0.571666331747519,-0.377858517133065,-0.174648797250898,0.394428493805815,-0.952420376979156,-0.435201453694464,-0.184705365033507,43.8931954061242,68.1961684323492,34.8399379625076,91.8604236432852,48.15693373747,66.0748279600706,"Baja"
2014-08-01,-1.3515105369643,-0.633208761044315,1.14235035518519,-0.00143317674728885,-0.527751324485622,-0.274310688811268,-0.0653970502151092,0.570458589218948,-0.995174057901452,-0.332020031806441,-0.0978252411788207,48.262057219314,71.8836459145749,33.827422749837,95.7677230810264,51.8717859682889,69.0783424808705,"Baja"
2014-09-01,-1.28722391682078,-0.644433150331783,1.21139082305522,-0.11006481389445,-0.496575003281905,-0.265381212254739,-0.0750810395003266,0.550663004580386,-1.00637100883024,-0.32119086830048,-0.105881745476495,48.6388072658563,71.5567907987876,33.562250654561,95.3283250533966,52.2616695488009,68.7998227623049,"Baja"
2014-10-01,-1.1209335487866,-0.638881677285956,1.37425416316239,-0.17896805445287,-0.459560866995547,-0.204817996871717,-0.0290036488783452,0.597643054354761,-0.98470533633073,-0.260728864166836,-0.0716193283386945,51.1940739794043,73.1120001658526,34.0753485335101,96.3711303852784,54.4384898215376,69.9843015915847,"Moderada"
2014-11-01,-1.12851525442524,-0.651556006096647,1.23832060237359,-0.166453747879489,-0.386033320395625,-0.218847545284684,-0.0542926822822703,0.53593342724705,-0.928410411811185,-0.250786354918805,-0.0904492215233178,50.6021430880367,72.2584418132005,35.4085546164151,95.0013760217686,54.7964510899922,69.3333373077432,"Moderada"
2014-12-01,-1.08136177873661,-0.74428464408398,0.983972964282875,-0.177147764129862,-0.574520050164305,-0.318668254566377,-0.147307444814252,0.403412600076506,-0.933362211234749,-0.353241047837766,-0.165050513912804,46.3905348678137,69.1189968921147,35.2912834917237,92.0598417785631,51.1077633632334,66.7543116915157,"Baja"
2015-01-01,-1.17778002934298,-0.67684447681906,1.24375744760548,-0.208830560723254,-0.461195841323016,-0.256178692120566,-0.0864645944083764,0.517463443441115,-0.98954131547163,-0.294530809124981,-0.133845669697734,49.0270774927736,71.17257174939,33.9608203258169,94.5914020501551,53.2215146303055,67.8330878092388,"Moderada"
2015-02-01,-1.25312402464141,-0.564328401788642,1.21514219304362,-0.253778661039413,-0.374407311697684,-0.246099241224706,-0.0950955782371662,0.480681766002103,-0.985562347745475,-0.291977122431096,-0.140849688752787,49.4523469439106,70.8812577944041,34.0550523373431,93.7749676373956,53.3134552969294,67.5909533370205,"Moderada"
2015-03-01,-1.58123782090465,-0.569384519720683,1.43599674289626,-0.252012952108749,-0.274125658711199,-0.248152841709805,-0.079211264478918,0.591991895393755,-1.12096192802883,-0.292843590202069,-0.134889832293714,49.3657019907107,71.4173869721367,30.8484480902074,96.2456929129013,53.2822597612115,67.7969902833611,"Moderada"
2015-04-01,-1.43994479265977,-0.505554305659649,1.30024816744453,-0.0904974365163301,-0.321675682937394,-0.211484810065722,-0.0306044939612345,0.604875365464101,-1.00476276580374,-0.248948824747655,-0.06805689032363,50.9127896101326,73.0579682592163,33.6003379138302,96.5316643272999,54.8626078935193,70.1074578882492,"Moderada"
2015-05-01,-1.18573605170625,-0.553490238693424,1.51324355391296,-0.0411327660506872,-0.247356479016323,-0.102894396310745,0.0782948288989156,0.736055393931135,-0.916697029769758,-0.14185169701568,0.0103802455553822,55.4944068166108,76.7335506802909,35.685957105579,99.4434371708535,58.718437718206,72.8190916443958,"Moderada"
2015-06-01,-1.11752048332991,-0.639951659433725,1.46823617700889,-0.0920409418321835,-0.276681108473324,-0.131591603212049,0.0435557823490821,0.688097617588356,-0.912149990638676,-0.176745094127071,-0.0182094829202777,54.2836220671066,75.5610344013106,35.7936424836216,98.3789294677833,57.4621668534686,71.8307221438413,"Moderada"
2015-07-01,-0.997602174565983,-0.674934449469909,1.26208646935948,-0.14041585991227,-0.276135570248639,-0.165400316967464,-0.0121179842596721,0.560835304723605,-0.837946156649,-0.219122708202092,-0.0646325837981393,52.8571740104649,73.6819270525446,37.5509768027317,95.5541172540817,55.9364408913451,70.2258388701892,"Moderada"
2015-08-01,-0.920172340578502,-0.662538751385874,1.28122297377478,-0.159388059252295,-0.277840534699548,-0.147743342428288,-0.000670794559220082,0.560917457261241,-0.818040408053183,-0.195089155224728,-0.0487065759714007,53.6021522784874,74.0682939107456,38.0223952359069,95.5559407750163,56.8017235774992,70.7764135430106,"Moderada"
2015-09-01,-0.599807112125705,-0.65148643031359,1.22957752033726,-0.197653836608537,-0.270286572156148,-0.097931286173343,0.0234928486898192,0.515961841864364,-0.693030376646219,-0.135820066349878,-0.0334932612238803,55.7038090098327,74.8838679659612,40.9829487088588,94.5580713462049,58.9355951892346,71.3023498530244,"Moderada"
2015-10-01,-0.380028031622535,-0.669829347473373,1.46393948487045,-0.0273455871894856,-0.319896702768335,0.0133679631633437,0.166945638560072,0.71829694884048,-0.631257424635472,-0.0364660012667122,0.0775106386855399,60.3997166705189,79.7257029641305,42.4458883269967,99.049257060032,62.5126506664858,75.1398423708872,"Alta"
2015-11-01,-0.352597737811,-0.674317274774367,1.49633519970527,-0.0173584352196484,-0.349173013508065,0.0205777476784374,0.179053794360828,0.73948838224281,-0.63604540737682,-0.0353500287750418,0.079496208237469,60.7039099381115,80.1343788258716,42.3324967953428,99.5196384208074,62.5528291484679,75.2084850789852,"Alta"
2015-12-01,-0.12839547448183,-0.747552018187577,1.61990322290821,-0.0976443419810777,-0.261139756861094,0.0770343262793255,0.213294186447154,0.761129440463564,-0.573767745517638,0.0489366267604272,0.0962894880601787,63.085910549329,81.290064462272,43.8073892182101,100,65.5874110006545,75.7890420298907,"Alta"
2016-01-01,-0.273576243837726,-0.632572557191593,1.00159703982451,-0.0700645894172829,-0.246273557490161,-0.0441779816224508,0.0653269777566642,0.465766225203613,-0.473342976993302,-0.0343782418498962,-0.014776430132902,57.971753817476,76.2958582828939,46.1857015334612,93.4438908176122,62.5878165014303,71.9494054909645,"Moderada"
2016-02-01,-0.432812897084016,-0.527636358196892,1.25544978202696,-0.120545446698702,-0.123315002889938,0.0102280154314827,0.115272650581065,0.56745216766413,-0.551397554588636,0.00729177335761516,0.0102131794103011,60.2672368497108,77.9816303540193,44.3371718740503,95.700990235014,64.0880667026717,72.8133160357707,"Alta"
2016-03-01,-0.508179214624304,-0.568263892820906,1.25363044926536,-0.169161818550468,-0.137323508825501,-0.0258595971111631,0.0790021588243455,0.542234315357448,-0.601294820387275,-0.0422362451863794,-0.0198983649166205,58.7446381151745,76.7574245609683,43.1554785180183,95.1412353822561,62.3049039316074,71.7723361589362,"Alta"
2016-04-01,-0.741830872180011,-0.542164770501598,1.35516486235678,-0.0404671205686452,-0.0462658318548659,-0.00311274654966792,0.127401793802441,0.657348870894068,-0.639881931547809,-0.0150877671223104,0.0385586522474928,59.704367048162,78.3910145855856,42.2416382071907,97.6964066276527,63.2823336127868,73.7932414259306,"Alta"
2016-05-01,-0.687648683124994,-0.471872961631316,1.48750736430852,-0.00286175507997894,0.0325115427963526,0.0715271014537158,0.200198134365325,0.742322804614268,-0.603902410329392,0.0622155747243308,0.0858215715059131,62.8535512171518,80.8480450120751,43.0937241982066,99.5825534406074,66.0654944440109,75.4271578844923,"Alta"
2016-06-01,-0.857891186467025,-0.664604330978482,1.36608224199343,0.0800582939919952,-0.0499064933377793,-0.025252294959573,0.136175986444951,0.723070267992711,-0.661058721260672,-0.0261125410534927,0.0562188901217116,58.7702612424013,78.6871621408587,41.7401183081493,99.1552093245916,62.8854074483366,74.4037698016119,"Alta"
2016-07-01,-0.689696987980348,-0.608817560368676,1.31731344998998,0.131633168510141,-0.00508190679343818,0.0290700326715316,0.180114598544347,0.72447330925006,-0.551911527401324,0.0200890628161892,0.100261229296044,61.0622141171016,80.1701832102032,44.3249996989178,99.1863523078588,64.5488089411845,75.9263482622659,"Alta"
2016-08-01,-0.811312933526107,-0.606226747785915,0.846796010285651,0.0221357516133191,0.00447416828020722,-0.108826750226569,0.00726298026729191,0.434465880949485,-0.523422255727779,-0.100656178985345,-0.0237617791612361,55.2441105534712,74.3360755876118,44.9996976511198,92.7491242936367,60.2016045446994,71.6387748762316,"Moderada"
2016-09-01,-0.927602666292983,-0.664561587735602,0.845462339849679,-0.0317285192225142,-0.0189817910712856,-0.159482444894541,-0.0404622139768765,0.406866910313582,-0.595048695555035,-0.144730964185887,-0.0660603347342599,53.1068592596271,72.7252493639124,43.3034025394465,92.1365163063785,58.6147751414102,70.176480392341,"Moderada"
2016-10-01,-0.917303865122183,-0.645203951200332,0.957097943681527,0.146396430828084,-0.0603571589215172,-0.103874120146884,0.0501013483696822,0.551747187254805,-0.578140401251913,-0.0885374050591576,0.0133939523771357,55.4530705749479,75.7819610955215,43.703833679711,95.3523904062229,60.6379181128856,72.9232778701856,"Moderada"
2016-11-01,-0.888907263059252,-0.738716083184258,0.834654442952002,0.159110965025903,-0.0734382034958951,-0.1414592283523,0.0128651262109505,0.496882703988953,-0.548110203666358,-0.11882770438127,-0.0135953016529305,53.8672899106451,74.5251598593042,44.4150246517853,94.1345761221739,59.5473730908269,71.9902380356609,"Moderada"
2016-12-01,-0.820341563218951,-0.899413361933237,0.49872883097977,0.197850897357061,-0.231813350260219,-0.250997709415115,-0.0872145519789363,0.348289864168415,-0.506546126648224,-0.199795007675294,-0.0982901475355673,49.2456721061372,71.1472590955506,45.3993670376014,90.8362951201638,56.6322982472991,69.0622703008212,"Moderada"
2017-01-01,-0.912197687549147,-0.834324868018469,0.665463971917872,0.237784626163383,-0.194661015269696,-0.207586994551212,-0.0318538727254599,0.451624299040628,-0.548209936145638,-0.159678893014194,-0.0551401230304706,51.0772451823275,73.0157990840328,44.4126627346289,93.1299857435081,58.0766031940007,70.5540007383916,"Moderada"
2017-02-01,-0.720302908124719,-0.747389319645832,0.431615151528207,0.23828501418047,0.0691572409394075,-0.145726964224493,-0.0219345672264258,0.334950082854338,-0.322430271297818,-0.088874467969476,-0.0371479542411644,53.687226759317,73.3505966196276,49.7596957956085,90.5401950703073,60.6257827993629,71.1760042280476,"Moderada"
2017-03-01,-0.918744540002709,-0.765035257086111,0.548080353642766,0.348241153772679,0.0364085621242757,-0.15020994550982,0.00997837888023358,0.448160753707722,-0.404450854744938,-0.0761130789912349,-0.00286670824851946,53.498082032053,74.4277260326817,47.8172410946141,93.0531062264,61.0852325088815,72.3611339857151,"Moderada"
2017-04-01,-0.947392425188554,-0.742442532343128,0.266396102867297,0.349403197077101,0.026422078677289,-0.209522715781999,-0.0619428910682137,0.307899649972199,-0.355879354796238,-0.134270675456446,-0.0557179118658501,50.9955737585687,72.0002310898219,48.9675369648029,89.9397628490841,58.9913780822356,70.5340261218738,"Moderada"
2017-05-01,-0.787460050897388,-0.67625275188879,0.611311077839486,0.437103401600757,0.0685668515698989,-0.0693462943552074,0.0931137247591994,0.524207239720121,-0.325361444984154,0.00151297885624521,0.0374914507636539,56.9098592110643,77.2337197510734,49.6902781949628,94.7410925411326,63.8800121202474,73.7563474274979,"Moderada"
2017-06-01,-0.643738708928066,-0.76956669137195,0.35934036652432,0.355033192701748,0.00333464073123287,-0.139119440068543,0.00243436310481254,0.357186779613034,-0.269759494961901,-0.0763775588851013,-0.0340585374822234,53.9660096216186,74.17309954796,51.0070728904653,91.0337779007804,61.0757104097889,71.2828078061802,"Moderada"
2017-07-01,-0.654148587100048,-0.604072060353774,0.517082532139039,0.385270002981924,0.192534718061705,-0.0326666788542308,0.0946355087665304,0.451176267560482,-0.219202876326477,0.0238266620239321,0.0428506456922228,58.457435573426,77.2850831792298,52.2043813880094,93.1200408920533,64.6833741419806,73.9416190301797,"Alta"
2017-08-01,-0.560460287355897,-0.576420743392535,0.507778931466565,0.372073189157786,0.32168848582063,0.0129319151393097,0.118807043041664,0.439926060312176,-0.136477299916146,0.0651046256130621,0.0731371370376372,60.3813190508702,78.1009235732622,54.1635321040527,92.8703226359073,66.169509265115,74.9886469636593,"Alta"
2017-09-01,-0.558056791776236,-0.59467781213078,0.375552540665003,0.313632889494941,0.203203199885079,-0.0520691947723986,0.0510697758919357,0.344592715079972,-0.168096948713913,-0.00424573362218182,0.0159222486749603,57.6388098982331,75.8146475721992,53.4146989103628,90.7542303543599,63.672680553133,73.0106830706674,"Moderada"
2017-10-01,-0.525365759882932,-0.622757326547893,0.602754923132686,0.232952167452431,0.154464249242837,-0.0315903493205743,0.0754499513511823,0.417853545292559,-0.247933028066797,-0.00512760653795731,0.0205072069051692,58.5028477764071,76.6375300473804,51.5239787870665,92.3803841096384,63.6409303842701,73.1691886990056,"Alta"
2017-11-01,-0.41025811272762,-0.601482131382326,0.72450894796943,0.322744262822626,0.195527150595693,0.0462080234555608,0.161879407423354,0.523626605396028,-0.188647387544829,0.0687730135728282,0.0959176189784796,61.7852955636623,79.5547069503983,52.9280125831393,94.7282043349271,66.3015826456373,75.7761862219433,"Alta"
2017-12-01,-0.357537530545675,-0.765321552783543,0.320924187179025,0.234276379166405,0.0206836675156572,-0.109394969893626,-0.00413271624481926,0.277600283172715,-0.181099983495917,-0.0815149746539243,-0.0358904271269912,55.2201363838035,73.951446733403,53.1067541850515,89.2672147908575,60.890747457348,71.2194779338867,"Moderada"
2018-01-01,-0.265411859629876,-0.689796139705184,0.28094626237199,0.182330076182657,0.0958695136957606,-0.0792124294169305,0.000357843726244533,0.231638169277324,-0.119959374173046,0.0259571435547006,0.0355837048103698,56.4935899235909,74.1030126280011,54.5547183302644,88.2470043469594,64.7600781059547,73.6903951426891,"Moderada"
2018-02-01,-0.239464257516884,-0.603366554406282,0.389491930852131,0.269256443187265,0.269686699653929,0.0171208523540319,0.0921567860054937,0.329374187019698,-0.0395459116842618,0.118158109899426,0.112629458112037,60.5580575506712,77.2014210446279,56.4591123453994,90.4164281961915,68.0795997721813,76.353927703883,"Alta"
2018-03-01,-0.216497002441926,-0.631382836229563,0.368700306390956,0.274617554171443,0.260472414530804,0.0111820872843426,0.0871564862101008,0.321658930281199,-0.0300195651078289,0.110003842990796,0.114574433179849,60.3074907898712,77.0326503530815,56.6847203076083,90.2451744214002,67.7860207919547,76.4211670285937,"Alta"
2018-04-01,-0.345359824501372,-0.579611822456499,0.369764843389441,0.314140413371757,0.299821705102036,0.0117510629810726,0.0936267789939982,0.341952628380599,-0.0498771595976831,0.109972154524458,0.11331880447738,60.3314968577372,77.2510364163836,56.2144422853589,90.695628958662,67.7848799085697,76.3777589523471,"Alta"
2018-05-01,-0.23595164942714,-0.5661498291727,0.464129027459937,0.340864648092781,0.238512041033531,0.048280847597282,0.138870866010835,0.402496837776359,-0.0428152689787649,0.130342325672997,0.113958616104616,61.8727515961547,78.7781200247015,56.3816857022442,92.039514813949,68.5182694504917,76.3998777457801,"Alta"
2018-06-01,-0.186958227053858,-0.666619428385282,0.585674303396744,0.310006735426987,0.200162680503404,0.0484532127775991,0.146900552983101,0.447840519411866,-0.0802233154972765,0.128674419936109,0.119563028558829,61.8800239809687,79.0491389392993,55.4957686219086,93.0459980595766,68.4582196543743,76.5936267120561,"Alta"
2018-07-01,-0.253279980486584,-0.635026864985643,0.417620844859495,0.412762302254785,0.257618448577388,0.0399389500438881,0.141387835040953,0.41519157355714,-0.0162232592130531,0.141626953094203,0.129957550583373,61.5207925231232,78.8630730517591,57.0114516976495,92.3212969368417,68.9245511491013,76.9529735505771,"Alta"
2018-08-01,-0.317864249948312,-0.603310494542458,0.401634471307767,0.411985914055122,0.294639413787066,0.0374170109318371,0.135891417451326,0.406810192681445,-0.021787233330058,0.138930239981469,0.12088923326293,61.4143875539375,78.6775573355846,56.8796827291106,92.1352573581763,68.8274610863806,76.6394746564373,"Alta"
2018-09-01,-0.313374483014812,-0.63538426720568,0.222703957724899,0.435693948764267,0.170436492410309,-0.0239848702642034,0.0828987082066754,0.329198953244583,-0.0218990733966389,0.079967865857796,0.0799732960792,58.8237360804779,76.8889413421234,56.8770340736882,90.4125385724917,66.7046321600124,75.2249783825944,"Alta"
2018-10-01,-0.289980931964923,-0.624889592327934,0.294119420283321,0.509015603373014,0.241935530007446,0.0260400058741847,0.138648290608201,0.401567511828167,0.0192916643140369,0.128480617603911,0.128905071785146,60.9343720504701,78.7706076342128,57.852534841189,92.0188867801669,68.4512421674108,76.9165885270176,"Alta"
2018-11-01,-0.527360453946104,-0.669549972214367,0.282580580502983,0.24365447278742,0.224897963380137,-0.0891554818979863,-0.00112255698471429,0.263117526645201,-0.153387141179012,0.0118268376038885,0.0160447942981997,56.0740753572783,74.0530459736048,53.7630643278718,88.9457443837428,64.2513431261199,73.0149195696792,"Moderada"
2018-12-01,0.719315762362966,-0.879017235569698,0.187753429240281,0.466795067482919,-0.0117055039991749,0.0966283039034586,0.185190859548165,0.3272742483616,0.302816994328058,0.219362483136398,0.236147202208925,63.9126143247529,80.3415177531589,64.5671311899433,90.3698163420149,71.7232721000932,80.6240337017974,"Alta"
2019-01-01,-0.385754913103733,-0.859454606011759,0.218721685856251,0.496590417246718,0.121843708013007,-0.0816107415999031,0.0538900104343911,0.357656051551485,-0.0635800675340592,0.0158004778733148,0.068716955637236,56.3924009881771,75.9098364515724,55.8899227950109,91.0441942217905,64.3944065395643,74.8358378005085,"Moderada"
2019-02-01,-0.26278997971435,-0.733180116528802,0.00124602789619011,0.565398908141944,0.252364263361421,-0.0353921793687194,0.0740420367233972,0.283322468019067,0.106053184714236,0.0516562480096871,0.0891257445387648,58.3424419969063,76.5900099515677,59.9072669106755,89.394228808434,65.6853258275674,75.541385756681,"Alta"
2019-03-01,-0.297731747339768,-0.734062465692416,-0.178033070387677,0.640084876462457,0.213521690302549,-0.0712441433309709,0.0461044762403681,0.23102590303739,0.138977149640437,0.0321049080335174,0.0770262945495792,56.8297856831904,75.6470582095169,60.6869896065949,88.2334140144118,64.9814167555952,75.1230982114538,"Moderada"
2019-04-01,-0.159296417544861,-0.707754921722986,-0.34037324634852,0.630207421508791,0.24671357087592,-0.0661007186463311,0.0300929421383619,0.144917087580136,0.237708342068901,0.0311388891699205,0.0386444296259011,57.0467956587536,75.1066350761669,63.0251937598377,86.322076493228,64.9466370707955,73.7962068176701,"Moderada"
2019-05-01,-0.174623716090066,-0.750558877837614,-0.167312973553548,0.48275106337139,0.190117854817855,-0.0839253298583964,0.00736902518423323,0.157719044908921,0.128456863248767,0.00447876945223562,0.00879077613878378,56.2947445098165,74.3396548277973,60.4378426376456,86.606238588098,63.9867898095839,72.7641424309128,"Moderada"
2019-06-01,-0.181360802667491,-0.681582332202464,-0.180262522756768,0.216585886994587,0.17990439749372,-0.129343074627683,-0.0807116007222079,0.0181616821189094,0.053193457819888,-0.0522096838316199,-0.0871725484263055,54.378491373661,71.3667474513692,58.6554149890734,83.5085159862764,61.9458291086183,69.4466144854237,"Moderada"
2019-07-01,-0.433799889723798,-0.66186808955337,-0.293857914665936,0.347124120507965,0.123335863320647,-0.183813182022898,-0.103987647048207,0.0266331029210148,0.00042434793284477,-0.107767994849217,-0.0772838142799339,52.0803034153413,70.5811316691864,57.4057091072143,83.6965541604264,59.9455570456084,69.7884758374015,"Moderada"
2019-08-01,-0.383631403955305,-0.570790577995775,-0.138197158086515,0.110638294250456,0.149602998939799,-0.166475569369468,-0.124028883932651,-0.0137794319180294,-0.0666386943180763,-0.096480479173944,-0.114616423480056,52.8118072535295,69.9046975458663,55.8174867829087,82.7995264431847,60.3519427303511,68.4978580429396,"Moderada"
2019-09-01,-0.434768970085331,-0.570053265039804,-0.315091851365789,0.00929758457169891,0.0196618978994471,-0.258190920803956,-0.224275953720178,-0.152897133397045,-0.124050902515953,-0.184413209392435,-0.195202947010352,48.9421780873805,66.5211469617321,54.4578205988668,79.7115629021034,57.1860908450315,65.7119182575767,"Moderada"
2019-10-01,-0.404733482035552,-0.485391594685119,-0.206429323535583,-0.279298538818181,0.122753503575638,-0.250619887099759,-0.270605230620796,-0.242863931176882,-0.175826149756621,-0.184985793070333,-0.233633367646024,49.2616130825196,64.9574359001336,53.2316518961945,77.7145906369034,57.1654760510671,64.3833482544682,"Moderada"
2019-11-01,-0.465987465710665,-0.491601098113067,-0.358379979770688,-1.09151454346924,0.0610718833197622,-0.46928224074878,-0.60915618139849,-0.724947261619964,-0.421986608136041,-0.401586632056614,-0.562599254700458,40.0358705215979,53.530625423868,47.401950137412,67.0138981129128,49.3671719069485,53.010737641385,"Baja"
2019-12-01,-0.383651490767065,-0.524167003310548,-0.409191366727573,-1.13921502088186,-0.707507067397184,-0.632746389816847,-0.707946579841906,-0.774203193804718,-0.676448828534545,-0.562454516678323,-0.723899516185753,33.1390355974538,50.1962405778218,41.3756416735468,65.9205755439554,43.5754275297231,47.4344601674924,"Baja"
2020-01-01,-0.105141914913457,-0.376200727684611,-0.612845369085892,0.689306066670773,0.541818094883663,0.0273872299740953,0.0700261941619537,0.0382303487924405,0.464219516228845,0.141032767942888,0.114605466673856,60.991213763322,76.4544667733644,68.3895508100215,83.9539755528674,68.9031586348823,76.4222398809993,"Alta"
2020-02-01,0.0108912234340586,-0.202975305519575,-0.488715035589045,0.646923226357495,0.846543947388145,0.162533611214216,0.160086152753849,0.079104095384225,0.591832908337186,0.260333098507487,0.182803327522754,66.6932731281582,79.4941808133514,71.411758443676,84.8612406810356,73.1983417310824,78.7798938098744,"Alta"
2020-03-01,0.372234773903143,-0.0770657630497029,-0.26271552127867,0.504374594514434,0.918089288299521,0.290983474477745,0.246936508218352,0.120829536617882,0.673079797346277,0.370852433763177,0.23341012460186,72.1127948276139,82.4255639608791,73.3358901050733,85.7874106787803,77.1773816746178,80.5294107665087,"Alta"
2020-04-01,0.556770110747792,-0.0817499227126355,-0.22626981016894,0.600694027419039,0.747608965426612,0.319410674142374,0.299689381802363,0.18721210862505,0.700046527483425,0.411641084324099,0.284853520523634,73.3121875052155,84.2060849936459,73.9745304258791,87.2608893227058,78.6459000062684,82.3078496060842,"Alta"
2020-05-01,0.667142336746922,-0.131610703470731,-0.338895122624152,0.639044524368824,0.710013499652333,0.309138906934639,0.290272897829712,0.150074700872336,0.760268066940889,0.400474377090315,0.292598473823068,72.8788038965474,83.8882587478146,75.4007286739773,86.4365588461995,78.2438638013075,82.5755987605015,"Alta"
2020-06-01,0.689029647160017,-0.244820866807245,-0.249929343950604,0.655652081716254,0.650609387497778,0.30010818112324,0.298688148415732,0.202861368882825,0.724762699798652,0.382181887051225,0.299462961551725,72.4977819689779,84.1722912496754,74.5598718497822,87.6082523441412,77.5852772439068,82.8129095245303,"Alta"
2020-07-01,0.731688385554516,-0.214390218194686,-0.195114914938228,0.743004392639121,0.730544688967471,0.359146466805639,0.361922002689857,0.273944738850447,0.785285823816056,0.429771932446167,0.338891294985914,74.988709263295,86.3065675434339,75.9932123824336,89.1860735164549,79.2986669517171,84.1759781614789,"Alta"
2020-08-01,0.900364725674004,-0.208582528337797,-0.238182864535467,0.709651121214409,0.719392602890271,0.376528611381084,0.364538766180634,0.235734128339471,0.845238243039136,0.430116976633257,0.334203845752706,75.7220919802266,86.3948888445604,77.4130371832526,88.3379214057895,79.3110896160368,84.0139293381945,"Alta"
2020-09-01,0.96827729207894,-0.243279622881704,-0.11796636006475,0.665824762402154,0.599816285429284,0.374534471392785,0.37227835574708,0.273929201168702,0.786244228040067,0.425333974814883,0.331143222054121,75.6379557681376,86.6561163582824,76.0159098165671,89.185728630116,79.13888666855,83.9081211589062,"Alta"
2020-10-01,1.11417580448435,-0.238425662826237,-0.454959262444141,0.670195352798174,0.534672328049815,0.325131712012392,0.305658311922024,0.107618045177017,0.892500858580092,0.404515308545528,0.289753492184491,73.553567979217,84.4075490068668,78.5323353628127,85.4941582496575,78.3893499068128,82.4772454975945,"Alta"
2020-11-01,1.14293168770931,-0.271947249385343,-0.399196421024441,0.675810844641626,0.486490035211597,0.326817779430549,0.316031359638213,0.138307211808593,0.873046483131316,0.405345393738993,0.293621309360936,73.6247060772055,84.7576613017574,78.0716065864836,86.1753586048745,78.4192355565382,82.610958993131,"Alta"
2020-12-01,1.44202072386731,-0.366420533467318,-0.4994130762888,0.568689376179402,0.438665384251785,0.316708374908477,0.279394579575769,0.0346381499453009,0.95356798116172,0.382480749143088,0.257835415617302,73.198172830817,83.5210925038482,79.978559156275,83.8742403433696,77.5960372091055,81.3738123739735,"Alta"
2021-01-01,1.38029858504586,-0.34693517158398,-0.378561785802579,0.484868359525473,0.455886500656237,0.319111297568202,0.275656641468176,0.0531532868614466,0.887467126025784,0.381053490696415,0.247250905357849,73.2995562902122,83.3949291886091,78.4131238545214,84.2852165681587,77.5446514641956,81.0078974920727,"Alta"
2021-02-01,1.53925003776455,-0.242057651154354,-0.439105480051051,0.477876776232767,0.713410552480405,0.409874847054464,0.323400414908276,0.019385648090858,1.05984449695013,0.454761242684923,0.305728538037446,77.1290272873999,85.006382499458,82.495455635457,83.5356840767259,80.1983598730631,83.0295154537245,"Muy alta"
2021-03-01,1.60663720411885,-0.234924262461699,-0.447735068107457,0.487084016122049,0.623932934717483,0.406998964877845,0.326695873336174,0.0196744740072961,1.05765030315438,0.442926673816101,0.312288399782557,77.0076888486872,85.117611189856,82.4434915811389,83.5420950789937,79.7722785712292,83.2562950568341,"Muy alta"
2021-04-01,1.40960916679368,-0.20454736113405,-0.520227344918757,0.555061727872991,0.552342032206753,0.358447644164124,0.300208242595478,0.0174171914771174,0.994188879893468,0.410796230317813,0.306436264500022,74.9592247284458,84.2235976425776,80.94056469664,83.49199069917,78.6154826333292,83.0539821166709,"Alta"
2021-05-01,1.40418406128014,-0.115502419403551,-0.888887486850118,0.59543371203393,0.625904763647585,0.324226526141598,0.242072650145593,-0.146726887408094,1.11664510468429,0.384466973808462,0.292808456022213,73.5153766231176,82.2613984659862,83.8406375748622,79.8485224295454,77.6675474770787,82.5828580110212,"Alta"
2021-06-01,1.42173542158039,-0.114157121356202,-0.988466258977812,0.56896391360989,0.587674343824952,0.295150059736243,0.206924984435132,-0.209751172683961,1.12346055302386,0.359618818062803,0.287784245322334,72.2885902597564,81.0750904262834,84.0020446157561,78.4495869018194,76.772936556678,82.4091670777776,"Alta"
2021-07-01,1.41878298265776,-0.0781415275356998,-0.913031909143346,0.5729757808304,0.61002306882269,0.322121679126361,0.234382071155381,-0.170028064156473,1.11765166513307,0.387986434924064,0.318230763696209,73.4265694902544,82.0018251628481,83.8644754701003,79.3313115821959,77.7942590278341,83.4617272720596,"Alta"
2021-08-01,1.513912220546,-0.0661999018815758,-0.769594643720922,0.565999929224319,0.589215576758713,0.366666636185307,0.281779719773816,-0.101797357248302,1.11366919035215,0.428659160267673,0.363682499513534,75.3059982046859,83.6015960290629,83.770160402654,80.8458128503642,79.258603690967,85.0330296881476,"Alta"
2021-09-01,1.5216160296727,-0.0749321775788323,-0.716168431584509,0.579958454067106,0.566183044466575,0.375331383808607,0.297564233288097,-0.0681049887587015,1.09998174122861,0.437712368711969,0.38128128803493,75.6715788800693,84.1343567375277,83.446007016062,81.5936745847263,79.5845473634806,85.6414337111541,"Alta"
2021-10-01,1.41984629672049,-0.0725295621323681,-0.77169718600228,0.638244574903534,0.561380471919391,0.355048919081753,0.288696862095824,-0.0667263055493728,1.08865807159061,0.430148007356078,0.386742256028539,74.8158266440384,83.8350642091681,83.1778339015044,81.6242768980181,79.3122068186086,85.8302236890996,"Alta"
2021-11-01,1.3610330179563,-0.0694302615101952,-0.284651338594945,0.655278761965177,0.538716246912337,0.440189285345735,0.405796770197225,0.185313711685116,0.957333720598347,0.509863000188576,0.469292071071359,78.4080458239109,87.787433722794,80.067741383028,87.2187510435746,82.182194589032,88.6840360131376,"Muy alta"
2021-12-01,1.53826346305054,-0.051888854104521,-0.343389978136057,0.655985995696361,0.477134380754998,0.455221001452263,0.414417233377114,0.156298008780152,1.01605611403416,0.530039223887424,0.481178892599104,79.0422599020703,88.078392583633,81.458436064645,86.5746961768192,82.9086014193091,89.0949728244668,"Muy alta"
2022-01-01,1.48575877233987,-0.00939977047469896,-0.220966612340862,0.708882579308566,0.544134981380084,0.501681990042591,0.468734598090566,0.243957983483852,1.01204692429686,0.577031866342963,0.522325161934399,81.0025292978178,89.9117185002344,81.363488319517,88.5204644221202,84.6004827625172,90.517431862762,"Muy alta"
2022-02-01,1.47228149335602,0.0443458617399906,-0.393973228096183,0.662011100772121,0.661398841352098,0.489212813824808,0.426844565645807,0.134018936337969,1.07751643576861,0.569842371514441,0.4953705810518,80.4764332057732,88.4978413260858,82.9139718077513,86.080172743071,84.3416385790054,89.5855907063386,"Muy alta"
2022-03-01,1.52545596621375,0.0766634565466275,-0.495474271863009,0.667770906287873,0.698239328970076,0.494531077231065,0.419993095546068,0.0861483172124323,1.13696694822976,0.576148679569487,0.482610158670453,80.7008199291323,88.2665897223504,84.3219101880133,85.0175996486547,84.568685290689,89.1444528233169,"Muy alta"
2022-04-01,1.36007728409035,0.0944885406104137,-0.656781080117842,0.696073891990394,0.752487392063428,0.449269205727348,0.372864205078634,0.0196464059362761,1.13855508346188,0.532725921496193,0.445805170149991,78.7911433554086,86.675890012038,84.3595212438945,83.5414720584934,83.0053308927244,87.8720752925946,"Muy alta"
2022-05-01,1.28646346084828,0.133286788403189,-0.717352487499907,0.746007506924763,0.801068379244188,0.449894729584103,0.37483388086083,0.0143275097124281,1.15850925620095,0.541531608572395,0.456063228306843,78.8175352878645,86.7423707346918,84.8320864831611,83.4234097454777,83.3223630258387,88.2267044673969,"Muy alta"
2022-06-01,1.40861104982602,0.111824158166506,-0.631006882760064,0.747517199928358,0.805141766699271,0.488417458372019,0.412458757153716,0.0582551585841468,1.18647437688703,0.575609294743522,0.473240100760147,80.4428757848024,88.0122898697707,85.4943712153291,84.3984616383653,84.5492657586905,88.8205225185972,"Muy alta"
2022-07-01,1.43592719126152,0.159212690906996,-0.649862392875446,0.759748308330817,0.86699196984128,0.514403553493034,0.42941648900633,0.0549429577276852,1.23016609849915,0.59235499170939,0.484921056334298,81.5392740433472,88.584649177999,86.5291016021804,84.3249414797029,85.1521629527007,89.2243423812675,"Muy alta"
2022-08-01,1.34198224718036,0.102932981466899,-0.292727669785325,0.830199426578942,0.829229398133514,0.562323276714877,0.517048105966738,0.268735878396809,1.11965407261489,0.630241605630609,0.555859669389859,83.5610899739713,91.5424015530406,83.911897539816,89.0704536420578,86.5161989358078,91.6767462792424,"Muy alta"
2022-09-01,1.33839644276277,0.117545061442688,-0.0394375265315467,0.75057801736326,0.891963227257705,0.611809044458976,0.560430472800844,0.355570245415857,1.06428183426804,0.665342064439288,0.578409642205133,85.6489800291997,93.0066481684655,82.6005429973218,90.9978960639565,87.7799246659077,92.4563166549431,"Muy alta"
2022-10-01,1.3617113834354,0.158475788613263,-0.0998944283236449,0.827854503425402,0.923011281264766,0.634231705683036,0.585104673051755,0.363980037550878,1.1224830774078,0.680812258413373,0.605718074112592,86.595030853824,93.8394546020996,83.9788955228611,91.1845662807939,88.3368997835621,93.4003907208539,"Muy alta"
2022-11-01,1.36113545943628,0.181344676763682,-0.454470710745257,0.83688188114278,0.912162752178981,0.567410811755294,0.501879276361552,0.191205585198761,1.1994862413948,0.618953741389171,0.552660635379565,83.7757418688645,91.0304214784105,85.8025250508613,87.3495316013711,86.1098007015986,91.5661531461281,"Muy alta"
2022-12-01,1.59356075625123,0.171044161041761,-0.359866742997037,0.775742967832651,0.857877393068087,0.607671707039339,0.532021829892926,0.207938112417807,1.22884124617806,0.656568835839202,0.562318431144633,85.4744186139206,92.047796398441,86.497725751009,87.7209396497592,87.4640611389263,91.9000307758126,"Muy alta"
2023-01-01,1.44436549541901,0.251532406832979,-0.310702965920915,0.79642293909478,1.00283248808054,0.636890072701279,0.555740221348797,0.242859986586932,1.22591664502911,0.684758652340723,0.589184889738389,86.7071919521268,92.848342264124,86.4284638046591,88.4960924381824,88.4789822439164,92.8288254750902,"Muy alta"
2023-02-01,1.45629008905155,0.324862960985594,-0.293077344060861,0.858892095432311,1.19794267771491,0.7089820958247,0.614310122663155,0.282907375685725,1.320679380424,0.748865270336798,0.647625347593405,89.7488789866506,94.8252002832651,88.6726848661388,89.3850150996255,90.7870199556996,94.8491582736865,"Muy alta"
2023-03-01,1.26232466980419,0.301368184776212,-0.267230725893081,0.914566446297534,1.11829997525842,0.665865710048656,0.599674500443769,0.323667860202227,1.22695391502815,0.713665031438213,0.626929299507544,87.9297241632938,94.3312170854068,86.4530289796572,90.2897661756253,89.5197018319033,94.1336795405643,"Muy alta"
2023-04-01,1.18502291713508,0.485382305104928,-0.566090132824074,0.840094767196714,1.17445131669999,0.623772234662528,0.520516550318832,0.13700231718632,1.27401515815158,0.684502041994823,0.580533910360185,86.1537276969325,91.6594688841699,87.5675581514557,86.1463941598348,88.4697434730362,92.5297542833291,"Muy alta"
2023-05-01,1.622893610855,0.459885638491908,-1.72580377350992,0.80318144917294,1.20344244804784,0.472719874611555,0.28242369603987,-0.461311162168488,1.69017212936262,0.499165414790138,0.280508589086415,79.7805675996678,83.623331589771,97.4232069545594,72.865767821541,81.7970482297882,82.1576418936114,"Muy alta"
2023-06-01,1.59202795546434,0.490614751340814,-1.7268982455089,0.676667190443302,1.16727162541885,0.43993665543168,0.234232523840588,-0.525115527532799,1.63124714875806,0.454879586646048,0.205675611610009,78.3973869312786,81.9967776247465,96.0277144968019,71.4495170359676,80.2026206238838,79.5706067408876,"Muy alta"
2023-07-01,1.57329194339725,0.603857854098656,-2.14672660206013,0.684288884352013,1.32489338782178,0.407921093521913,0.161881267414735,-0.731218858854058,1.78270970322016,0.420821029216342,0.169368857710409,77.046595049669,79.5547697290405,99.6147305673375,66.8746889152526,78.976406585241,78.3154535746358,"Muy alta"
2023-08-01,1.56658166137531,0.650762768803545,-2.22012661710574,0.651397732032905,1.35001274180979,0.399725657383162,0.140560490642889,-0.784364442536418,1.79897779103459,0.412473070010187,0.140610887910276,76.7008154368146,78.8351484288521,100,65.6950286489035,78.6758540796415,77.3212678385762,"Alta"
2023-09-01,1.5291946064004,0.672978000002564,-2.15766185492211,0.620475852312785,1.31694620014451,0.396386560787629,0.139771595553843,-0.768593001304661,1.75176616879401,0.403874844478399,0.138295558961213,76.559933181308,78.808521551428,98.8819094706648,66.0451036932452,78.3662912076304,77.2412250875947,"Alta"
2023-10-01,1.4601200019146,0.774439586332389,-2.11721209269919,0.616153794019011,1.37578937701277,0.421858133315915,0.159113680670181,-0.75052914934009,1.74381791949271,0.431577909178871,0.15547062517827,77.6346228425426,79.4613578241736,98.6936748401475,66.4460628500243,79.3636877332836,77.8349806957809,"Muy alta"
2023-11-01,1.41230349679842,0.791946560026039,-2.26180010674434,0.596001642867104,1.38418610256642,0.384527539102729,0.112206667097712,-0.83289923193862,1.75559522391597,0.39517331044463,0.120772023847075,76.059580563386,77.8781469282391,98.9725911728597,64.6177131200047,78.0530089081097,76.6354226343306,"Alta"
2023-12-01,1.51984502997731,0.802723323694449,-2.16668780215316,0.550396098392468,1.27888059643485,0.397031449269184,0.127239996593323,-0.808145851880347,1.72478022540799,0.402600262704242,0.123813899996515,76.5871421407473,78.3855535876474,98.2428141315693,65.1671581893656,78.3204022979754,76.7405826960336,"Alta"
2024-01-01,1.31721007415034,0.922216014077197,-1.98616253920289,0.528227610822049,1.42574198420047,0.441446628809432,0.166827140641171,-0.728967464190423,1.66406106292475,0.459786056266792,0.159825681255606,78.4610953174023,79.7217034087962,96.8048309126123,66.9246626034604,80.3792687964187,77.9855384250614,"Muy alta"
2024-02-01,1.47753272192967,1.06648966408922,-1.98237812547101,0.492359190474504,1.6207414988156,0.534948989967596,0.220408693082716,-0.745009467498255,1.79445636540546,0.54097662457655,0.200314264319011,82.4061215118435,81.530194105299,99.892921214415,66.568581955104,83.3023818751886,79.3852607293361,"Muy alta"
2024-03-01,1.50931583146571,1.09846306405892,-1.44753150111327,0.457246076070165,1.6790646734078,0.659311628777866,0.357226553015715,-0.495142712521553,1.70357941881835,0.667740264005232,0.31005780632466,87.6531961486694,86.1480861881046,97.7407254521896,72.1148166994491,87.8662673121368,83.179181678727,"Muy alta"
2024-04-01,1.2169813029054,1.12959499770909,-0.771292723758688,0.522471636281578,1.52234890563667,0.72402082375481,0.494263227414721,-0.124410543738555,1.40943960083824,0.783007486394486,0.566321049786764,90.3833889057638,90.773363721835,90.7747512031345,80.3438731641331,92.0162459652486,92.038404464517,"Muy alta"
2024-05-01,1.17771644878193,1.22764867611743,-0.23653782351908,0.552012422190507,1.5264930441172,0.849466553537596,0.647523965033531,0.157737299335714,1.29482801777703,0.910076365273501,0.692309068443473,95.6761610223605,95.9462376960475,88.0604592662918,86.6066437774003,96.5911209721432,96.3939098055906,"Muy alta"
2024-06-01,1.2712348695789,1.21567079670233,-0.257958844807089,0.537173658593999,1.52915158412601,0.85905441283883,0.649472077660913,0.139607406893455,1.3308035160535,0.91601706879617,0.6983781480191,96.0806893746232,96.0119906166297,88.9124499838755,86.2042187353659,96.8050047831046,96.6037226813615,"Muy alta"
2024-07-01,1.11037221627035,1.25839445156423,-0.146820069228492,0.551811757692919,1.40192780963226,0.835137233186253,0.651936879023812,0.202495844232214,1.20630109695428,0.894736872756209,0.69802889703222,95.0715822348905,96.0951828746068,85.9639180532245,87.6001388777566,96.0388515136031,96.5916487988214,"Muy alta"
2024-08-01,1.09411618365133,1.26367683897015,0.0843190541603668,0.534231414656578,1.42058543475167,0.87938578523802,0.703788255538284,0.309275234408472,1.1520260063446,0.933627842875182,0.736827352247353,96.9385051098651,97.8452764750038,84.6785467418923,89.970296379625,97.4390474448239,97.9329420481054,"Muy alta"
2024-09-01,1.21137292491571,1.27944548645677,0.161859981005925,0.571337430399545,1.53572058147735,0.95194728085106,0.767627915744929,0.366598705702735,1.23331808811393,1.00475926604153,0.796619389086779,100,100,86.6037486820645,91.2426922539315,100,100,"Muy alta"
2024-10-01,0.883980891332514,1.25508672395104,-0.229323765766366,0.589211257579792,1.46224880525734,0.792240782470864,0.615978021529603,0.179943745906713,1.17109056279421,0.848812722850291,0.69322835797098,93.2617068518025,94.881495396886,85.1300436191584,87.0995551514324,94.3854392267323,96.425690370836,"Muy alta"
2024-11-01,0.851936300403639,1.18915411230655,-0.454731007566162,0.559366638225992,1.29126055031531,0.687397318737065,0.517385188425616,0.052317815329915,1.13254487762808,0.746089050076993,0.617025215244324,88.8381799416516,91.5537787988099,84.2171843805713,84.2666717992217,90.6870673883027,93.7912875229198,"Muy alta"
2024-12-01,0.873440287653524,1.06876736142461,-0.494668343872376,0.579207997330387,1.1311382637133,0.631577113249889,0.483500686830592,0.0422698267290058,1.08856612366902,0.696403675236013,0.59036970254017,86.483029011789,90.4101052190441,83.1756563423474,84.0436389131767,88.8982393009422,92.8697853897024,"Muy alta"
2025-01-01,0.937274116688034,1.15033469288436,-0.389227884243025,0.552743968671185,1.18978763578534,0.688182505957178,0.528273502988551,0.0817580422140803,1.10905682450334,0.749158894800045,0.618868790051614,88.8713083473145,91.9212824393427,83.66092792284,84.9201497268539,90.7975913499716,93.8550213605135,"Muy alta"
2025-02-01,1.0551501724962,1.18287450301262,-0.293143123166144,0.487342005278882,1.28205776816817,0.742856265157945,0.561193399199212,0.0970994410563687,1.14989713543263,0.790162376013978,0.634830338020719,91.1780887272318,93.0323985476669,84.628129698548,85.2606792194384,92.2738442535633,94.4068246841349,"Muy alta"
2025-03-01,0.961259403018786,1.16801652642493,-0.0742979636552444,0.506595614814977,1.28861966424859,0.770038648970408,0.606987330112848,0.216148825579867,1.07372010977107,0.816320505016954,0.666074054803554,92.324960472921,94.5780405501816,82.8240652139366,87.9031909565388,93.2156182871312,95.4869446572366,"Muy alta"
2025-04-01,0.838410997191189,1.16035253831289,-0.483691113949038,0.604953461108344,1.22874186695712,0.669753549924102,0.513499649921985,0.0606311735796532,1.1220466619789,0.728628091162071,0.606538634278091,88.0937588460382,91.4226336580941,83.9685601025819,84.4512014953439,90.0584185386315,93.428758134054,"Muy alta"
2025-05-01,0.770528243715599,1.14900211141383,-0.613395736598948,0.638761329002842,1.1635105215186,0.621681293810385,0.474498136422532,0.0126827962019471,1.10965878139564,0.681848274258984,0.580945123196256,86.0655072891208,90.1062501063067,83.6751837833337,83.3869024189341,88.3741995775057,92.5439702359484,"Muy alta"
2025-06-01,0.625591998993391,1.13416980344004,-0.630617470539236,0.605082585341934,1.07910150596426,0.562665684640078,0.425998958196308,-0.0127674425986513,1.0170492638093,0.625117714690126,0.533499542386033,83.5755367560351,88.4693002865745,81.4819563612394,82.8219893367559,86.3317229192689,90.9037390232301,"Muy alta"
2025-07-01,0.669861560894139,1.17939245176259,-0.830616593987916,0.589074716494936,1.04597880961086,0.530738188954922,0.380507985135844,-0.12077093874649,1.06358714963251,0.591645585484335,0.50224493437534,82.228460540625,86.933883752228,82.5840911095237,80.4246606368986,85.1266221213235,89.8232425317768,"Muy alta"
2025-08-01,0.773865639017167,1.2146065555633,-0.919077408616343,0.562459252670386,0.982804963747207,0.522931800476343,0.36364271184234,-0.178309077972978,1.09380263495778,0.578232216913194,0.48709460792116,81.8990955208488,86.3646451158791,83.2996701635394,79.147499828,84.6436991178649,89.2994837768273,"Muy alta"
2025-09-01,0.73190660884132,1.21050404127306,-0.730954731189793,0.467868564199639,1.01118837258678,0.5381025711422,0.37349574944826,-0.131543083495077,1.01998276102177,0.601243670451833,0.486252057789884,82.5391765511603,86.6972059699536,81.551428988856,80.1855538238242,85.4721830440233,89.2703561531372,"Muy alta"
2025-10-01,0.722617863771333,1.17025671020247,-0.945180703472989,0.456345745948688,0.944926005826731,0.469793124455247,0.301849621892538,-0.24441747876215,1.03284700833162,0.543273880357886,0.429155176867476,79.6570829529893,84.2789976646543,81.8560868760787,77.6801068993802,83.3850902310912,87.2964718705864,"Muy alta"
2025-11-01,0.695083294596425,1.15490151453877,-1.02231529814483,0.412088561042143,0.979988162212653,0.443949246849032,0.264148709420087,-0.305113368551342,1.03828499401383,0.507087169272121,0.402655111827526,78.5666850971535,83.0065121477318,81.9848721200798,76.3328542293755,82.082256039207,86.380343685931,"Muy alta"
2025-12-01,0.760307762864846,1.0250224345634,-0.882081336941552,0.385264363375389,0.767616940357932,0.411226032844004,0.258883416596029,-0.248408486783081,0.938579713221945,0.476193819576375,0.390531407671431,77.1860361507833,82.8287973811233,79.6235990926447,77.5915194146117,80.9699993273421,85.9612176549919,"Muy alta"
