Fecha,liquidez,fondeo,activos,cartera,solvencia,ICVLF_equal,ICVLF_equal_100,ICVLF_alt_pesos_100,ICVLF_pca_global_100,ICVLF_nucleo_100,ICVLF_pca_interno_100,ICVLF_robust_z_100,nivel_vulnerabilidad
2010-01-01,-5.779153449485616,-1.7035310997724322,-0.6406687663408862,4.465338459612728,-3.202633898756503,-1.3721297509485417,1.9431738965452208,0,0.45364365682013075,0.05967354878542234,0.6111834703708968,0,Baja
2010-02-01,-5.852754083495872,-1.635307243587226,-0.3359839369806069,4.592924073598841,-3.0558033378690026,-1.2573849056667734,6.784457204332054,2.390303311804044,3.804713189490322,0,4.513756480006427,1.6792627378309157,Baja
2010-03-01,-5.736197562946462,-1.2636996096519983,-0.37680483548688976,4.334166607942899,-2.939183215555651,-1.1963437231396203,9.359890177644276,5.779756414955569,2.9203093305163557,5.417833586542875,7.049428919431895,4.377232314698234,Baja
2010-04-01,-5.4104693473355,-1.7725406914409485,-1.0033703422729148,4.2698399786077195,-3.1743873650537604,-1.418185553499081,0,1.0423220912303197,0,3.385576552933791,0,1.726690202979588,Baja
2010-05-01,-1.4590899055698403,-2.8069233036097625,0.4513966921412316,4.153338787673393,-2.7301184731030617,-0.47827924049360804,39.6562715550575,47.26766280872949,48.87914178889103,35.759529556331145,35.12466066883869,50.26956712983889,Baja
2010-06-01,-1.1133567145197243,-2.5634422172885776,0.3971870826172855,3.9000676246013266,-2.7039849843973016,-0.4167058417973984,42.25415964824078,51.93787949515207,49.31728405145499,42.298856281340164,37.85161408451364,53.4500425205932,Baja
2010-07-01,-1.4867031185331854,-1.712235533465524,-0.22365693420251812,0.7368890829113686,-1.6708808713665935,-0.8713174749312905,23.07330925263244,39.039085564519176,40.80196880335219,47.60233350276868,29.297114189802954,38.6019311890083,Baja
2010-08-01,-1.3006612504000818,-1.3726398960510942,-0.37025007856785835,0.7113980315595079,-1.5915494232726515,-0.7847405233464356,26.72614044969035,43.49889012493793,39.65018674485375,53.43606075566074,32.43229093302805,40.864220867122825,Baja
2010-09-01,-1.3985600682346946,-1.0100852491471082,-0.35541290371159945,0.8559233820979465,-1.5673179379907085,-0.6950905553972329,30.50862751749993,46.29024409795544,37.688242104157446,56.37331296157117,36.26244465894883,43.20863092709313,Baja
2010-10-01,-1.3430429224638694,-1.3827222839176037,-0.41221072208896936,0.7467263104164079,-1.5800143151732648,-0.7942527866454598,26.32480162339489,42.91850475875004,39.19325320353535,52.853794435273414,32.65342108045959,41.90910889697002,Baja
2010-11-01,-1.1056899656513142,-1.247309653182943,-0.44109160078274434,0.7385992966431283,-1.6626621328843325,-0.7436308111716412,28.460630246169043,46.398709826723014,39.12219616222228,56.99089033133075,35.40773683648422,42.96377876785201,Baja
2010-12-01,-0.8122078705448166,-0.3050931893272338,-0.9137075145449076,0.5381068106039516,-1.2842606970734514,-0.5554324921772915,36.40104254149726,55.68549387608543,34.988421809016174,70.70514832033832,42.4364822118638,51.464440800097485,Baja
2011-01-01,-0.8069663135815115,-0.5935695732528969,-0.6261593216956273,0.7093291307158854,-1.323895199597123,-0.5282522554822547,37.547823696591855,55.502138066983626,39.012993793874664,67.56169924834464,43.162249063877,51.564884575329884,Baja
2011-02-01,-0.8462200803453697,-0.08126520216923423,-0.4152013703201934,-0.2402345361007448,-1.2734128921158046,-0.5712668162102694,35.73296504797064,55.79222560536186,36.944850394066385,72.81179684087259,40.36101528056172,50.04486627513959,Baja
2011-03-01,-1.1731666046877895,-0.5311903341477807,-0.6407750595623619,-0.2423557306338553,-1.7426436397418361,-0.8660262737547247,23.29655417375588,45.396916098970365,30.95347627232702,64.18977633120942,29.127407064789022,41.20424871843553,Baja
2011-04-01,-1.1257778771505893,-1.0347710276293762,-1.0980447988941135,-0.2569400552702463,-1.9131742552154705,-1.0857416028319593,14.026384759918887,38.74301445000859,28.270137220989206,59.12678239300467,21.499000698614473,36.17092086800784,Baja
2011-05-01,-0.7475672018473061,-0.9030903424677286,-1.4805216276535602,-0.31647631134716353,-1.6590799798767752,-1.0213470926385066,16.743300422205337,42.94182382497844,28.838726844069065,64.78575287012083,24.088696210099897,42.557296830304466,Baja
2011-06-01,-0.6943678453424835,-0.48102320385768954,-1.1928411051488226,-0.4384264122388081,-1.4830923893185717,-0.8579501911812751,23.637298053440748,48.564753358737505,30.93761317884431,70.06044327116061,29.88409532370047,46.660838973031495,Baja
2011-07-01,-0.704752885164064,-1.0329591408342107,-0.9442460888094293,-0.3889535997903321,-1.3390923670483332,-0.8820008163292739,22.622560617655083,45.779914596383776,37.26083675561957,63.8195887419487,29.839940151370133,46.34069346622296,Baja
2011-08-01,-0.7802599276793915,-0.9853750038754873,-0.838874916141664,-0.16736302210962184,-1.4520036338623368,-0.8447753007337003,24.193169448352975,46.56369625167529,36.81852046659518,63.50968959394971,31.182755978597115,46.55469937190217,Baja
2011-09-01,-0.9220153034500513,-0.6062682832725026,-0.7318056280047068,-0.17348565011406403,-1.3611859470569156,-0.7589521623796481,27.81419596257296,48.905622711611656,35.639651867229304,66.14390612957648,34.038072789306746,48.54403721246795,Baja
2011-10-01,-0.6494380065494729,-0.7493123930260522,-0.6590453167997239,-0.14178520578569853,-1.108785376507088,-0.6616732597336071,31.918560968457264,52.29940447548401,41.11449189857223,67.58151527283282,37.32678088091192,52.86964995124708,Baja
2011-11-01,-0.4542714392721585,0.3313228552596483,-0.13427797509795,-0.15021271648954804,-0.7129805607318439,-0.22408396726637042,50.381209395806614,67.67344428721721,44.99365178544581,81.74085463159189,52.949598662477406,64.18397174867354,Moderada
2011-12-01,-0.42762403366120094,0.024975370914848423,0.013296811333388335,-0.22585577942854868,-0.7987770692494119,-0.282796940018185,47.904007616189354,65.47786344804561,47.21352532854341,78.63663555527997,50.65607432636251,62.70750174554713,Baja
2012-01-01,-0.33925270234043914,0.10367317323295543,-0.3300606607649507,-0.20523322942060385,-0.8868567081538462,-0.33154602548937695,45.847199459082056,65.25463419667561,43.60103496682314,80.49083307303681,48.83200777423458,62.67662171572048,Baja
2012-02-01,-0.4284072928358699,0.6793770990910771,-0.2341066864457431,-0.4332675708478254,-0.702209311070503,-0.22372275242177286,50.39644967429912,69.01376108613793,42.131112107406416,85.8907447757324,52.15244125243875,65.38111989579821,Moderada
2012-03-01,-0.47344499813674806,0.5884247443103541,-0.30483764394853125,-0.5022793645610105,-1.0130228848027425,-0.3410320294277357,45.44696856059068,65.9577077482673,38.86123340296295,84.38147477264523,47.09412975627131,62.354065549194296,Baja
2012-04-01,-0.3867616215094336,0.5695281031545387,-0.5080656277107535,-0.46391776470422247,-0.9607474454458849,-0.34999287124315115,45.06889515957506,66.16402118973153,38.238313858430445,85.13379804092638,46.83591399434296,63.20974027574458,Baja
2012-05-01,-0.3868973028199375,0.4360351696837836,-1.030966445974689,-0.5244315068967836,-1.1490394372331174,-0.5310599046481488,37.42936412651194,61.44675460763825,32.51255999907961,83.65073626624647,40.50189094731792,58.79101296395052,Baja
2012-06-01,-0.47913873426855563,0.8452850614034934,-1.1747963812371662,-0.5521361611734237,-1.1408501109301377,-0.500327265241158,38.72602729076945,62.9695391789331,28.516829647066427,87.16901811364706,41.406601149132385,59.202979418466114,Baja
2012-07-01,-0.449143658515383,0.28561364493950425,-1.1973681700405485,-0.4214738226843465,-1.300381669216839,-0.6165507351035227,33.82235825678336,58.61014471817904,30.224387895698268,81.29046631434551,37.09859274493153,56.694302992236125,Baja
2012-08-01,-0.36708621081218246,0.8387192481794384,-1.0005565459408883,-0.4385719588238534,-1.009012156387227,-0.3953015247569425,43.15724477200451,66.13992022412174,32.19334436213436,88.33975020526061,45.03235513763253,62.14302922453664,Baja
2012-09-01,-0.45122981529457457,1.0721834106590822,-0.7605115329895648,-0.43741295817090897,-0.9285308966531609,-0.3011003584898254,47.13175476156575,68.60870200628199,33.269836144321,89.99696720254896,47.90168867368982,63.37919559810291,Baja
2012-10-01,-0.39062342361241015,1.1864386495673331,-1.0317366303214677,-0.26470664554866796,-0.836167912407869,-0.26735919246461637,48.555352862743916,70.10171084727305,31.73264075777122,91.93764884930069,49.44958375938896,65.52103407001573,Baja
2012-11-01,-0.4978109751949246,1.0359744737043683,-0.7760397420043911,-0.5017892601201346,-0.8504534219513076,-0.31802378511327795,46.41772614771834,67.61188158915607,33.57496983222304,89.07813085773779,47.78730962306288,62.91236189585272,Baja
2012-12-01,-0.4525268728943286,1.4673934888895104,-0.5409490941016205,-0.7265674486780734,-0.8606594872062756,-0.22266188279815757,50.44120959696,71.80492203659638,33.3277244820873,94.36876544652796,51.14278750197462,67.09471385161818,Moderada
2013-01-01,-0.42787263090733335,1.746675229240468,-0.6944501863565503,-0.6849895836405675,-0.8286550031807743,-0.17785843496895154,52.33154448367493,73.99413090359891,31.023674783269573,97.74196390475535,52.817892850768466,69.17213163070724,Moderada
2013-02-01,-0.4533368937477455,1.4004952212205386,-0.6132783828755349,-0.5911957515681974,-0.6691967918384608,-0.18530251976188,52.017465682476875,72.19626283830294,34.88768490531598,93.6173128126671,52.69129044011126,67.37636815370884,Moderada
2013-03-01,-0.403319854389208,1.6270941100825393,-0.8825720515165301,-0.7330057141166177,-0.6931419189544069,-0.21698908577884468,50.680554706107365,72.53701165143485,31.21685942235843,96.68730280008869,51.290591576575444,68.02063856507833,Moderada
2013-04-01,-0.2802716888743968,1.5814392733772151,-1.214454164258723,-0.5578431127350592,-0.6080341926248137,-0.2158327770231555,50.72934137067448,73.0991866921367,30.324518071561716,97.54624373695667,52.774872218929374,68.89835103918837,Moderada
2013-05-01,-0.22669080866965474,1.297177070096275,-1.2332502941505041,-0.5199985940501487,-0.7268940640770887,-0.28193133817022425,47.94052885396201,71.02879919210018,31.01446812928321,94.98605366878216,50.42441055586784,67.32668995630489,Baja
2013-06-01,-0.190547862386262,1.4578775934755202,-1.088113993927748,-0.4422538735036988,-0.6598946362422058,-0.18458655451687886,52.047673493390455,74.16630321170628,32.43579603182069,97.17069822212048,53.95142840943254,69.52641950723472,Moderada
2013-07-01,-0.13813614651178815,1.0137303487049871,-1.0123884838232107,-0.5303930525838817,-0.8025251216648895,-0.2939424911757566,47.4337575527313,70.49347203805195,34.38461408528758,92.82306661910816,49.389046649865186,67.05811119000835,Baja
2013-08-01,-0.203350687239576,1.1403270445472424,-1.0220615957555101,-0.5023649015460504,-0.6783958090245518,-0.2531691898036892,49.154053596106735,71.30319444146254,34.32116771788419,93.50430939070132,51.94782354128031,67.22843433658501,Moderada
2013-09-01,-0.16187848993407533,1.18028857101577,-1.1965659715043686,-0.6637797488346652,-0.6812961298186718,-0.30464635381520216,46.98214309111483,70.4198251594859,32.554160326640194,94.40809218525321,49.9106802561869,67.11475467637604,Baja
2013-10-01,-0.26803498051971364,1.3365122433684977,-1.3508200518170355,-0.7375617022086336,-0.6117016524964664,-0.3263212287346703,46.0676426628968,69.5643841971283,30.131976599404478,94.96375702968992,49.80824351591864,66.33862492752047,Baja
2013-11-01,-0.22111298473948707,1.097210254516571,-1.508924825212118,-0.7289207168217123,-0.638868009922846,-0.40012325643591845,42.953807580253276,67.25104792815836,30.043916898838983,92.82864985668765,48.191449942393746,64.65321175606906,Baja
2013-12-01,-0.4074176356768375,0.6999367680160962,-1.2054109530285742,-0.8129370002671079,-0.7838840270114357,-0.5019425695935719,38.657874808807115,62.31979774003299,32.15714107969373,86.35187518092172,44.36315638801914,59.37801488407915,Baja
2014-01-01,-0.3561916972000411,1.1907493653108379,-1.3797513860065111,-0.8111041559924591,-0.5868712689877107,-0.3886338285751768,43.438566396055755,66.85801813713508,30.123264070399546,92.36762737682773,48.69475004722257,63.365929923389665,Baja
2014-02-01,-0.31678418863537056,0.9776389359788897,-1.5645506198899766,-0.49458308898642095,-0.6161488631179498,-0.40288556493016564,42.837261011461294,66.09338208025582,30.075489731589165,90.43980553745673,48.31965280103845,62.93864947746689,Baja
2014-03-01,-0.3491563381113321,0.6691032854723223,-1.5637457903159475,-0.48617218030921117,-0.7283920692654595,-0.49167261850592564,39.091181792230344,62.77534249301738,30.49304060934192,86.65627962369999,44.83116473557449,60.27155277099145,Baja
2014-04-01,-0.17384818914513092,1.4203760655374267,-1.1978650888635995,-0.5468470151672126,-0.4436730358520982,-0.18837145269812292,51.88798209861335,73.69174943271717,33.465124935724525,96.93983123607852,55.88441795486438,69.36249632342313,Moderada
2014-05-01,-0.12424680230645498,1.2904636428177385,-1.0614686976500347,-0.5463091627404635,-0.4707442021243385,-0.18246104440071068,52.13735243818897,73.78339991219717,35.46033079435251,96.04850846366901,55.7430832844614,69.51251593933873,Moderada
2014-06-01,-0.12263468799532731,1.1713665193181273,-1.0035719558637837,-0.6178881505115622,-0.5095707952987969,-0.21645981407026857,50.702885594102575,72.59718059429105,36.154989376893475,94.74461463441266,54.949845277233194,68.4322243914393,Moderada
2014-07-01,0.012760752503613589,0.7760962351080168,-1.4053577596354208,-0.7011254818940146,-0.5716663317475188,-0.37785851713306473,43.89319540612416,68.19616843234915,34.83993796250764,91.86042364328517,48.156933737469984,66.07482796007065,Baja
2014-08-01,-0.0014331767472888504,1.142350355185185,-1.3515105369643,-0.6332087610443147,-0.5277513244856221,-0.27431068881126813,48.26205721931397,71.88364591457491,33.827422749837034,95.76772308102639,51.87178596828889,69.07834248087049,Baja
2014-09-01,-0.11006481389445044,1.2113908230552226,-1.2872239168207777,-0.6444331503317831,-0.4965750032819046,-0.26538121225473865,48.6388072658563,71.55679079878756,33.562250654560984,95.32832505339661,52.26166954880089,68.7998227623049,Baja
2014-10-01,-0.1789680544528696,1.3742541631623921,-1.1209335487866048,-0.6388816772859565,-0.45956086699554743,-0.20481799687171723,51.19407397940433,73.11200016585258,34.0753485335101,96.37113038527836,54.438489821537594,69.98430159158471,Moderada
2014-11-01,-0.16645374787948894,1.2383206023735884,-1.1285152544252448,-0.6515560060966474,-0.38603332039562505,-0.21884754528468356,50.60214308803667,72.25844181320049,35.40855461641507,95.00137602176859,54.79645108999222,69.33333730774322,Moderada
2014-12-01,-0.17714776412986213,0.9839729642828747,-1.0813617787366117,-0.7442846440839799,-0.5745200501643054,-0.3186682545663769,46.39053486781374,69.11899689211468,35.291283491723725,92.05984177856308,51.10776336323343,66.75431169151572,Baja
2015-01-01,-0.20883056072325387,1.2437574476054833,-1.177780029342985,-0.6768444768190603,-0.46119584132301555,-0.2561786921205663,49.027077492773586,71.17257174938999,33.960820325816854,94.59140205015514,53.221514630305464,67.8330878092388,Moderada
2015-02-01,-0.253778661039413,1.2151421930436184,-1.2531240246414106,-0.5643284017886424,-0.3744073116976836,-0.24609924122470628,49.45234694391065,70.88125779440406,34.05505233734307,93.77496763739558,53.31345529692939,67.59095333702054,Moderada
2015-03-01,-0.25201295210874947,1.4359967428962597,-1.5812378209046547,-0.5693845197206833,-0.274125658711199,-0.2481528417098054,49.36570199071071,71.41738697213668,30.84844809020739,96.24569291290126,53.28225976121149,67.79699028336111,Moderada
2015-04-01,-0.09049743651633008,1.3002481674445328,-1.4399447926597693,-0.5055543056596493,-0.32167568293739374,-0.21148481006572192,50.91278961013258,73.05796825921632,33.60033791383024,96.53166432729988,54.86260789351932,70.10745788824921,Moderada
2015-05-01,-0.04113276605068721,1.5132435539129567,-1.1857360517062479,-0.553490238693424,-0.24735647901632268,-0.102894396310745,55.49440681661084,76.73355068029095,35.68595710557905,99.44343717085351,58.71843771820605,72.81909164439578,Moderada
2015-06-01,-0.09204094183218353,1.4682361770088947,-1.1175204833299082,-0.6399516594337251,-0.2766811084733238,-0.13159160321204919,54.283622067106585,75.56103440131061,35.79364248362162,98.37892946778334,57.462166853468645,71.8307221438413,Moderada
2015-07-01,-0.14041585991226965,1.26208646935948,-0.9976021745659827,-0.6749344494699092,-0.2761355702486395,-0.16540031696746424,52.85717401046485,73.68192705254462,37.55097680273168,95.55411725408167,55.93644089134514,70.22583887018915,Moderada
2015-08-01,-0.159388059252295,1.2812229737747778,-0.9201723405785022,-0.6625387513858743,-0.2778405346995483,-0.14774334242828838,53.602152278487424,74.06829391074558,38.02239523590688,95.55594077501634,56.8017235774992,70.7764135430106,Moderada
2015-09-01,-0.19765383660853683,1.229577520337264,-0.5998071121257046,-0.6514864303135898,-0.27028657215614815,-0.09793128617334304,55.703809009832746,74.8838679659612,40.98294870885881,94.55807134620487,58.93559518923456,71.3023498530244,Moderada
2015-10-01,-0.027345587189485564,1.4639394848704463,-0.3800280316225349,-0.6698293474733726,-0.31989670276833465,0.013367963163343741,60.39971667051892,79.7257029641305,42.44588832699668,99.04925706003199,62.5126506664858,75.13984237088722,Alta
2015-11-01,-0.017358435219648354,1.4963351997052676,-0.35259773781100023,-0.674317274774367,-0.349173013508065,0.020577747678437407,60.70390993811148,80.1343788258716,42.33249679534284,99.5196384208074,62.552829148467886,75.20848507898523,Alta
2015-12-01,-0.0976443419810777,1.6199032229082067,-0.12839547448182975,-0.7475520181875773,-0.26113975686109425,0.07703432627932551,63.08591054932903,81.29006446227196,43.807389218210076,100,65.58741100065446,75.78904202989068,Alta
2016-01-01,-0.07006458941728287,1.0015970398245084,-0.27357624383772555,-0.632572557191593,-0.24627355749016122,-0.044177981622450846,57.971753817476014,76.29585828289392,46.18570153346122,93.44389081761219,62.58781650143028,71.94940549096452,Moderada
2016-02-01,-0.12054544669870154,1.2554497820269608,-0.4328128970840157,-0.5276363581968924,-0.12331500288993785,0.010228015431482666,60.26723684971083,77.98163035401934,44.33717187405033,95.70099023501398,64.08806670267168,72.81331603577068,Alta
2016-03-01,-0.16916181855046755,1.253630449265363,-0.5081792146243043,-0.5682638928209055,-0.13732350882550126,-0.025859597111163125,58.744638115174475,76.75742456096832,43.15547851801828,95.14123538225607,62.30490393160743,71.77233615893618,Alta
2016-04-01,-0.040467120568645217,1.355164862356781,-0.7418308721800113,-0.5421647705015982,-0.04626583185486588,-0.0031127465496679236,59.70436704816199,78.3910145855856,42.241638207190746,97.69640662765269,63.282333612786786,73.79324142593057,Alta
2016-05-01,-0.0028617550799789424,1.4875073643085153,-0.6876486831249938,-0.4718729616313163,0.03251154279635262,0.07152710145371578,62.853551217151775,80.84804501207515,43.09372419820664,99.58255344060743,66.06549444401085,75.4271578844923,Alta
2016-06-01,0.08005829399199517,1.3660822419934266,-0.8578911864670253,-0.6646043309784821,-0.04990649333777925,-0.025252294959572954,58.77026124240128,78.6871621408587,41.7401183081493,99.15520932459164,62.885407448336636,74.40376980161192,Alta
2016-07-01,0.13163316851014084,1.3173134499899795,-0.6896969879803481,-0.608817560368676,-0.005081906793438183,0.029070032671531583,61.062214117101625,80.17018321020325,44.3249996989178,99.1863523078588,64.54880894118446,75.92634826226593,Alta
2016-08-01,0.022135751613319085,0.8467960102856514,-0.8113129335261071,-0.6062267477859152,0.004474168280207219,-0.10882675022656893,55.24411055347119,74.33607558761184,44.99969765111979,92.7491242936367,60.20160454469936,71.63877487623157,Moderada
2016-09-01,-0.031728519222514205,0.845462339849679,-0.9276026662929828,-0.6645615877356019,-0.018981791071285593,-0.15948244489454108,53.1068592596271,72.72524936391244,43.30340253944646,92.13651630637854,58.61477514141023,70.17648039234102,Moderada
2016-10-01,0.14639643082808393,0.957097943681527,-0.9173038651221828,-0.6452039512003319,-0.06035715892151721,-0.10387412014688421,55.4530705749479,75.78196109552154,43.703833679711025,95.35239040622292,60.63791811288556,72.92327787018557,Moderada
2016-11-01,0.159110965025903,0.8346544429520022,-0.8889072630592525,-0.7387160831842584,-0.07343820349589505,-0.14145922835230018,53.86728991064513,74.52515985930422,44.41502465178526,94.13457612217388,59.54737309082685,71.99023803566091,Moderada
2016-12-01,0.19785089735706066,0.49872883097977017,-0.8203415632189506,-0.8994133619332371,-0.2318133502602194,-0.25099770941511523,49.24567210613718,71.14725909555061,45.399367037601365,90.83629512016384,56.63229824729914,69.06227030082115,Moderada
2017-01-01,0.2377846261633834,0.6654639719178719,-0.9121976875491472,-0.8343248680184694,-0.1946610152696962,-0.20758699455121152,51.0772451823275,73.01579908403285,44.41266273462887,93.12998574350812,58.07660319400073,70.55400073839162,Moderada
2017-02-01,0.2382850141804697,0.43161515152820673,-0.7203029081247188,-0.747389319645832,0.06915724093940753,-0.14572696422449335,53.687226759317014,73.35059661962764,49.75969579560848,90.54019507030726,60.62578279936292,71.17600422804765,Moderada
2017-03-01,0.34824115377267856,0.548080353642766,-0.9187445400027091,-0.7650352570861108,0.03640856212427573,-0.15020994550981992,53.49808203205299,74.4277260326817,47.817241094614076,93.05310622640002,61.085232508881504,72.36113398571507,Moderada
2017-04-01,0.3494031970771012,0.2663961028672969,-0.9473924251885537,-0.7424425323431282,0.02642207867728899,-0.20952271578199896,50.995573758568746,72.00023108982187,48.967536964802925,89.93976284908406,58.99137808223559,70.5340261218738,Moderada
2017-05-01,0.4371034016007565,0.6113110778394863,-0.7874600508973884,-0.6762527518887904,0.0685668515698989,-0.0693462943552074,56.90985921106432,77.23371975107337,49.69027819496283,94.7410925411326,63.88001212024738,73.75634742749786,Moderada
2017-06-01,0.3550331927017476,0.3593403665243196,-0.6437387089280657,-0.7695666913719497,0.0033346407312328684,-0.13911944006854307,53.96600962161857,74.17309954796005,51.007072890465274,91.03377790078042,61.075710409788876,71.2828078061802,Moderada
2017-07-01,0.38527000298192393,0.5170825321390392,-0.6541485871000483,-0.6040720603537739,0.19253471806170502,-0.03266667885423082,58.45743557342604,77.28508317922984,52.20438138800935,93.12004089205325,64.68337414198058,73.94161903017967,Alta
2017-08-01,0.37207318915778576,0.5077789314665653,-0.5604602873558975,-0.5764207433925355,0.3216884858206304,0.012931915139309691,60.38131905087017,78.10092357326224,54.16353210405268,92.87032263590727,66.16950926511498,74.98864696365935,Alta
2017-09-01,0.31363288949494134,0.375552540665003,-0.5580567917762362,-0.5946778121307799,0.20320319988507884,-0.052069194772398596,57.63880989823313,75.81464757219918,53.41469891036281,90.75423035435992,63.67268055313305,73.01068307066737,Moderada
2017-10-01,0.23295216745243144,0.6027549231326857,-0.5253657598829323,-0.6227573265478932,0.154464249242837,-0.031590349320574265,58.50284777640713,76.63753004738042,51.52397878706653,92.38038410963837,63.640930384270064,73.16918869900563,Alta
2017-11-01,0.32274426282262625,0.7245089479694303,-0.41025811272762,-0.6014821313823261,0.1955271505956933,0.04620802345556077,61.78529556366234,79.55470695039831,52.92801258313928,94.72820433492709,66.30158264563725,75.77618622194332,Alta
2017-12-01,0.23427637916640467,0.32092418717902454,-0.35753753054567505,-0.7653215527835433,0.020683667515657214,-0.10939496989362638,55.220136383803485,73.951446733403,53.10675418505148,89.2672147908575,60.890747457348,71.2194779338867,Moderada
2018-01-01,0.18233007618265734,0.2809462623719898,-0.26541185962987573,-0.6897961397051845,0.0958695136957606,-0.07921242941693049,56.493589923590896,74.1030126280011,54.55471833026438,88.24700434695939,64.76007810595466,73.69039514268908,Moderada
2018-02-01,0.2692564431872652,0.3894919308521314,-0.23946425751688383,-0.603366554406282,0.26968669965392855,0.01712085235403188,60.5580575506712,77.20142104462792,56.459112345399376,90.41642819619146,68.07959977218125,76.353927703883,Alta
2018-03-01,0.27461755417144257,0.36870030639095575,-0.2164970024419258,-0.6313828362295634,0.2604724145308038,0.01118208728434257,60.307490789871174,77.03265035308146,56.68472030760834,90.2451744214002,67.78602079195467,76.42116702859366,Alta
2018-04-01,0.3141404133717574,0.3697648433894408,-0.3453598245013725,-0.579611822456499,0.29982170510203626,0.011751062981072612,60.331496857737235,77.25103641638361,56.21444228535888,90.69562895866198,67.78487990856972,76.37775895234707,Alta
2018-05-01,0.3408646480927814,0.4641290274599372,-0.23595164942713967,-0.5661498291727001,0.23851204103353116,0.04828084759728201,61.872751596154686,78.77812002470154,56.38168570224421,92.03951481394904,68.51826945049169,76.3998777457801,Alta
2018-06-01,0.31000673542698715,0.5856743033967444,-0.1869582270538579,-0.6666194283852821,0.20016268050340405,0.04845321277759914,61.8800239809687,79.04913893929934,55.49576862190856,93.04599805957658,68.45821965437433,76.59362671205615,Alta
2018-07-01,0.41276230225478516,0.4176208448594945,-0.2532799804865843,-0.6350268649856433,0.25761844857738825,0.03993895004388808,61.520792523123184,78.86307305175913,57.01145169764948,92.32129693684175,68.92455114910133,76.95297355057711,Alta
2018-08-01,0.411985914055122,0.4016344713077672,-0.31786424994831186,-0.6033104945424578,0.294639413787066,0.03741701093183712,61.414387553937466,78.67755733558462,56.879682729110556,92.13525735817629,68.82746108638064,76.63947465643732,Alta
2018-09-01,0.43569394876426715,0.22270395772489926,-0.31337448301481174,-0.6353842672056803,0.17043649241030878,-0.02398487026420336,58.82373608047791,76.88894134212345,56.87703407368824,90.41253857249174,66.70463216001237,75.2249783825944,Alta
2018-10-01,0.509015603373014,0.29411942028332055,-0.2899809319649226,-0.624889592327934,0.24193553000744555,0.02604000587418471,60.93437205047005,78.77060763421281,57.85253484118904,92.01888678016694,68.45124216741078,76.91658852701757,Alta
2018-11-01,0.24365447278741967,0.2825805805029833,-0.5273604539461044,-0.6695499722143667,0.2248979633801367,-0.0891554818979863,56.074075357278325,74.05304597360475,53.76306432787184,88.94574438374283,64.25134312611988,73.01491956967921,Moderada
2018-12-01,0.46679506748291916,0.18775342924028132,0.719315762362966,-0.8790172355696984,-0.011705503999174907,0.09662830390345864,63.91261432475288,80.34151775315887,64.56713118994325,90.36981634201491,71.72327210009315,80.6240337017974,Alta
2019-01-01,0.4965904172467183,0.21872168585625093,-0.3857549131037331,-0.8594546060117586,0.12184370801300713,-0.08161074159990306,56.39240098817707,75.90983645157237,55.889922795010854,91.04419422179049,64.3944065395643,74.83583780050851,Moderada
2019-02-01,0.5653989081419439,0.001246027896190114,-0.26278997971435014,-0.7331801165288016,0.2523642633614208,-0.03539217936871936,58.342441996906274,76.59000995156765,59.907266910675496,89.39422880843404,65.68532582756738,75.54138575668095,Alta
2019-03-01,0.6400848764624575,-0.17803307038767746,-0.29773174733976815,-0.7340624656924156,0.21352169030254944,-0.07124414333097086,56.82978568319036,75.64705820951686,60.68698960659493,88.23341401441185,64.98141675559516,75.12309821145377,Moderada
2019-04-01,0.6302074215087913,-0.34037324634852,-0.1592964175448611,-0.7077549217229856,0.2467135708759199,-0.0661007186463311,57.04679565875361,75.1066350761669,63.02519375983771,86.32207649322801,64.9466370707955,73.79620681767007,Moderada
2019-05-01,0.4827510633713901,-0.16731297355354754,-0.17462371609006572,-0.7505588778376138,0.190117854817855,-0.08392532985839637,56.294744509816525,74.33965482779732,60.437842637645595,86.60623858809795,63.986789809583875,72.76414243091278,Moderada
2019-06-01,0.2165858869945869,-0.18026252275676807,-0.18136080266749136,-0.6815823322024641,0.17990439749371984,-0.12934307462768335,54.37849137366097,71.36674745136924,58.65541498907336,83.50851598627645,61.94582910861831,69.44661448542372,Moderada
2019-07-01,0.3471241205079653,-0.2938579146659357,-0.4337998897237982,-0.6618680895533703,0.12333586332064748,-0.18381318202289829,52.080303415341334,70.58113166918639,57.40570910721431,83.69655416042644,59.9455570456084,69.78847583740146,Moderada
2019-08-01,0.11063829425045581,-0.13819715808651467,-0.38363140395530454,-0.5707905779957749,0.14960299893979867,-0.16647556936946795,52.811807253529544,69.9046975458663,55.8174867829087,82.79952644318467,60.351942730351126,68.49785804293957,Moderada
2019-09-01,0.009297584571698906,-0.31509185136578916,-0.4347689700853313,-0.5700532650398038,0.019661897899447108,-0.25819092080395567,48.94217808738051,66.52114696173213,54.457820598866824,79.71156290210342,57.186090845031515,65.71191825757673,Moderada
2019-10-01,-0.27929853881818073,-0.20642932353558335,-0.4047334820355516,-0.48539159468511933,0.1227535035756384,-0.25061988709975935,49.26161308251961,64.95743590013358,53.23165189619449,77.71459063690344,57.16547605106713,64.38334825446823,Moderada
2019-11-01,-1.0915145434692406,-0.3583799797706879,-0.46598746571066496,-0.491601098113067,0.061071883319762224,-0.46928224074877967,40.03587052159792,53.530625423867974,47.40195013741203,67.01389811291284,49.367171906948464,53.010737641385035,Baja
2019-12-01,-1.1392150208818639,-0.40919136672757317,-0.3836514907670645,-0.5241670033105482,-0.7075070673971836,-0.6327463898168467,33.13903559745382,50.19624057782176,41.37564167354675,65.92057554395541,43.57542752972311,47.434460167492354,Baja
2020-01-01,0.6893060666707734,-0.6128453690858924,-0.1051419149134566,-0.3762007276846109,0.5418180948836627,0.027387229974095255,60.991213763321966,76.4544667733644,68.38955081002148,83.95397555286743,68.90315863488229,76.42223988099933,Alta
2020-02-01,0.6469232263574948,-0.4887150355890447,0.010891223434058598,-0.20297530551957454,0.846543947388145,0.1625336112142158,66.6932731281582,79.49418081335145,71.41175844367605,84.86124068103562,73.19834173108242,78.77989380987435,Alta
2020-03-01,0.5043745945144339,-0.2627155212786701,0.3722347739031429,-0.0770657630497029,0.9180892882995211,0.29098347447774503,72.11279482761385,82.42556396087906,73.33589010507329,85.78741067878026,77.17738167461785,80.52941076650872,Alta
2020-04-01,0.6006940274190393,-0.22626981016893996,0.5567701107477917,-0.08174992271263545,0.7476089654266124,0.3194106741423736,73.31218750521553,84.20608499364587,73.97453042587914,87.26088932270578,78.64590000626842,82.30784960608419,Alta
2020-05-01,0.6390445243688236,-0.3388951226241524,0.6671423367469217,-0.13161070347073126,0.7100134996523328,0.3091389069346389,72.87880389654741,83.88825874781462,75.40072867397727,86.43655884619955,78.24386380130754,82.57559876050152,Alta
2020-06-01,0.6556520817162539,-0.2499293439506036,0.6890296471600169,-0.24482086680724455,0.6506093874977784,0.3001081811232402,72.4977819689779,84.17229124967538,74.55987184978224,87.6082523441412,77.58527724390682,82.81290952453034,Alta
2020-07-01,0.7430043926391214,-0.19511491493822775,0.7316883855545162,-0.214390218194686,0.7305446889674709,0.359146466805639,74.98870926329498,86.30656754343387,75.99321238243363,89.1860735164549,79.29866695171714,84.17597816147885,Alta
2020-08-01,0.7096511212144088,-0.23818286453546703,0.9003647256740039,-0.2085825283377972,0.7193926028902711,0.37652861138108396,75.72209198022658,86.39488884456044,77.41303718325256,88.33792140578946,79.31108961603682,84.01392933819447,Alta
2020-09-01,0.665824762402154,-0.11796636006474993,0.9682772920789401,-0.24327962288170396,0.5998162854292836,0.37453447139278473,75.6379557681376,86.6561163582824,76.01590981656713,89.18572863011599,79.13888666855001,83.90812115890618,Alta
2020-10-01,0.6701953527981742,-0.45495926244414114,1.1141758044843502,-0.23842566282623734,0.5346723280498148,0.32513171201239216,73.55356797921698,84.40754900686682,78.53233536281267,85.49415824965749,78.38934990681284,82.47724549759452,Alta
2020-11-01,0.6758108446416261,-0.3991964210244409,1.1429316877093076,-0.271947249385343,0.48649003521159656,0.3268177794305493,73.62470607720546,84.75766130175735,78.07160658648363,86.17535860487446,78.4192355565382,82.61095899313098,Alta
2020-12-01,0.5686893761794016,-0.4994130762887998,1.4420207238673142,-0.36642053346731773,0.4386653842517852,0.3167083749084767,73.198172830817,83.52109250384818,79.97855915627497,83.87424034336962,77.59603720910549,81.37381237397354,Alta
2021-01-01,0.48486835952547275,-0.3785617858025795,1.3802985850458596,-0.34693517158398046,0.4558865006562369,0.3191112975682019,73.2995562902122,83.39492918860905,78.41312385452136,84.28521656815875,77.5446514641956,81.00789749207266,Alta
2021-02-01,0.4778767762327674,-0.4391054800510514,1.5392500377645533,-0.2420576511543544,0.7134105524804052,0.4098748470544641,77.12902728739991,85.00638249945804,82.49545563545696,83.53568407672589,80.19835987306311,83.02951545372449,Muy alta
2021-03-01,0.48708401612204927,-0.44773506810745717,1.6066372041188504,-0.23492426246169923,0.6239329347174829,0.40699896487784526,77.00768884868717,85.11761118985605,82.44349158113887,83.54209507899374,79.77227857122921,83.2562950568341,Muy alta
2021-04-01,0.5550617278729914,-0.5202273449187566,1.4096091667936819,-0.20454736113405042,0.5523420322067534,0.35844764416412395,74.95922472844585,84.22359764257764,80.94056469664,83.49199069917,78.61548263332915,83.05398211667094,Alta
2021-05-01,0.59543371203393,-0.8888874868501179,1.4041840612801408,-0.11550241940355092,0.6259047636475854,0.3242265261415975,73.51537662311762,82.26139846598618,83.84063757486216,79.84852242954544,77.66754747707873,82.58285801102119,Alta
2021-06-01,0.5689639136098901,-0.9884662589778124,1.4217354215803883,-0.11415712135620158,0.587674343824952,0.2951500597362433,72.2885902597564,81.07509042628344,84.00204461575613,78.44958690181939,76.77293655667802,82.40916707777757,Alta
2021-07-01,0.5729757808303997,-0.9130319091433462,1.418782982657761,-0.0781415275356998,0.6100230688226896,0.32212167912636086,73.42656949025437,82.00182516284809,83.86447547010026,79.33131158219587,77.79425902783407,83.46172727205958,Alta
2021-08-01,0.5659999292243185,-0.7695946437209216,1.5139122205460034,-0.0661999018815758,0.5892155767587125,0.3666666361853074,75.30599820468592,83.60159602906295,83.77016040265403,80.84581285036421,79.25860369096696,85.03302968814755,Alta
2021-09-01,0.579958454067106,-0.716168431584509,1.521616029672696,-0.07493217757883228,0.5661830444665746,0.3753313838086071,75.67157888006926,84.13435673752768,83.44600701606201,81.59367458472626,79.58454736348062,85.64143371115411,Alta
2021-10-01,0.638244574903534,-0.7716971860022797,1.4198462967204901,-0.07252956213236805,0.5613804719193906,0.35504891908175346,74.81582664403837,83.83506420916811,83.1778339015044,81.62427689801814,79.31220681860862,85.83022368909957,Alta
2021-11-01,0.6552787619651765,-0.28465133859494474,1.3610330179563024,-0.0694302615101952,0.538716246912337,0.4401892853457352,78.40804582391088,87.78743372279403,80.06774138302798,87.21875104357457,82.18219458903197,88.68403601313756,Muy alta
2021-12-01,0.6559859956963614,-0.3433899781360573,1.5382634630505365,-0.05188885410452101,0.47713438075499787,0.45522100145226346,79.04225990207034,88.07839258363298,81.45843606464504,86.57469617681924,82.90860141930911,89.09497282446684,Muy alta
2022-01-01,0.7088825793085662,-0.22096661234086193,1.4857587723398655,-0.009399770474698962,0.5441349813800842,0.501681990042591,81.00252929781779,89.91171850023441,81.36348831951702,88.52046442212023,84.60048276251723,90.517431862762,Muy alta
2022-02-01,0.662011100772121,-0.3939732280961834,1.4722814933560158,0.044345861739990576,0.6613988413520984,0.48921281382480847,80.47643320577316,88.49784132608585,82.91397180775131,86.08017274307097,84.34163857900538,89.58559070633858,Muy alta
2022-03-01,0.6677709062878732,-0.4954742718630085,1.5254559662137546,0.07666345654662746,0.6982393289700759,0.49453107723106454,80.70081992913225,88.26658972235036,84.32191018801328,85.01759964865467,84.56868529068903,89.14445282331694,Muy alta
2022-04-01,0.6960738919903942,-0.656781080117842,1.3600772840903463,0.09448854061041367,0.7524873920634282,0.4492692057273481,78.79114335540864,86.67589001203801,84.35952124389449,83.54147205849343,83.0053308927244,87.87207529259456,Muy alta
2022-05-01,0.7460075069247629,-0.7173524874999068,1.286463460848282,0.1332867884031894,0.8010683792441883,0.44989472958410315,78.81753528786446,86.74237073469185,84.83208648316112,83.42340974547774,83.32236302583867,88.22670446739693,Muy alta
2022-06-01,0.7475171999283575,-0.6310068827600639,1.4086110498260234,0.11182415816650619,0.805141766699271,0.4884174583720189,80.44287578480238,88.01228986977073,85.49437121532912,84.39846163836535,84.54926575869054,88.82052251859719,Muy alta
2022-07-01,0.7597483083308169,-0.6498623928754464,1.4359271912615226,0.15921269090699555,0.8669919698412797,0.5144035534930337,81.53927404334725,88.58464917799903,86.52910160218043,84.3249414797029,85.1521629527007,89.2243423812675,Muy alta
2022-08-01,0.8301994265789422,-0.2927276697853247,1.3419822471803569,0.10293298146689868,0.8292293981335137,0.5623232767148774,83.56108997397133,91.54240155304056,83.91189753981598,89.0704536420578,86.51619893580782,91.67674627924241,Muy alta
2022-09-01,0.7505780173632602,-0.039437526531546745,1.338396442762771,0.11754506144268807,0.8919632272577054,0.6118090444589757,85.64898002919969,93.00664816846555,82.60054299732178,90.99789606395646,87.77992466590771,92.4563166549431,Muy alta
2022-10-01,0.8278545034254017,-0.09989442832364491,1.3617113834353958,0.158475788613263,0.9230112812647661,0.6342317056830363,86.59503085382399,93.83945460209958,83.97889552286105,91.18456628079393,88.33689978356212,93.40039072085389,Muy alta
2022-11-01,0.83688188114278,-0.4544707107452573,1.3611354594362832,0.18134467676368213,0.9121627521789809,0.5674108117552938,83.77574186886446,91.03042147841052,85.8025250508613,87.34953160137113,86.1098007015986,91.56615314612812,Muy alta
2022-12-01,0.7757429678326506,-0.35986674299703714,1.5935607562512333,0.17104416104176087,0.8578773930680865,0.6076717070393388,85.47441861392056,92.04779639844102,86.49772575100896,87.72093964975923,87.46406113892625,91.90003077581262,Muy alta
2023-01-01,0.7964229390947802,-0.3107029659209153,1.4443654954190086,0.25153240683297867,1.0028324880805444,0.6368900727012793,86.70719195212682,92.84834226412396,86.42846380465915,88.49609243818244,88.47898224391639,92.82882547509021,Muy alta
2023-02-01,0.8588920954323106,-0.29307734406086067,1.4562900890515451,0.3248629609855945,1.1979426777149078,0.7089820958246995,89.74887898665062,94.82520028326513,88.67268486613878,89.38501509962548,90.78701995569965,94.8491582736865,Muy alta
2023-03-01,0.9145664462975341,-0.26723072589308083,1.2623246698041917,0.3013681847762121,1.118299975258422,0.6658657100486558,87.92972416329384,94.33121708540679,86.45302897965722,90.28976617562533,89.51970183190332,94.13367954056426,Muy alta
2023-04-01,0.8400947671967144,-0.5660901328240742,1.1850229171350808,0.4853823051049283,1.1744513166999884,0.6237722346625276,86.15372769693252,91.65946888416988,87.5675581514557,86.14639415983483,88.46974347303622,92.52975428332908,Muy alta
2023-05-01,0.8031814491729399,-1.725803773509916,1.6228936108550007,0.45988563849190756,1.2034424480478405,0.4727198746115545,79.78056759966776,83.62333158977104,97.42320695455939,72.865767821541,81.79704822978823,82.15764189361138,Muy alta
2023-06-01,0.6766671904433018,-1.7268982455089004,1.5920279554643377,0.4906147513408135,1.1672716254188475,0.43993665543168003,78.39738693127863,81.99677762474651,96.02771449680188,71.4495170359676,80.2026206238838,79.57060674088756,Muy alta
2023-07-01,0.6842888843520134,-2.14672660206013,1.5732919433972463,0.6038578540986557,1.3248933878217788,0.40792109352191286,77.04659504966895,79.55476972904049,99.61473056733749,66.8746889152526,78.97640658524102,78.3154535746358,Muy alta
2023-08-01,0.6513977320329052,-2.220126617105741,1.5665816613753067,0.650762768803545,1.3500127418097945,0.3997256573831621,76.70081543681455,78.83514842885211,100,65.69502864890353,78.6758540796415,77.32126783857618,Alta
2023-09-01,0.6204758523127851,-2.1576618549221074,1.5291946064003967,0.6729780000025637,1.316946200144507,0.39638656078762907,76.55993318130804,78.80852155142796,98.88190947066481,66.04510369324515,78.36629120763037,77.24122508759474,Alta
2023-10-01,0.6161537940190113,-2.1172120926991918,1.460120001914596,0.7744395863323893,1.3757893770127723,0.42185813331591543,77.63462284254258,79.46135782417359,98.69367484014745,66.44606285002432,79.36368773328356,77.83498069578087,Muy alta
2023-11-01,0.5960016428671036,-2.261800106744344,1.412303496798425,0.7919465600260387,1.3841861025664226,0.3845275391027292,76.05958056338604,77.8781469282391,98.97259117285972,64.61771312000468,78.05300890810967,76.63542263433061,Alta
2023-12-01,0.5503960983924682,-2.1666878021531617,1.5198450299773123,0.802723323694449,1.2788805964348542,0.39703144926918443,76.58714214074732,78.38555358764737,98.24281413156929,65.16715818936564,78.32040229797542,76.74058269603356,Alta
2024-01-01,0.5282276108220489,-1.986162539202895,1.317210074150343,0.9222160140771972,1.425741984200467,0.4414466288094323,78.46109531740233,79.72170340879622,96.80483091261233,66.92466260346036,80.37926879641866,77.98553842506145,Muy alta
2024-02-01,0.4923591904745039,-1.9823781254710138,1.4775327219296734,1.0664896640892167,1.6207414988156006,0.5349489899675963,82.4061215118435,81.53019410529897,99.89292121441504,66.56858195510404,83.3023818751886,79.3852607293361,Muy alta
2024-03-01,0.4572460760701651,-1.4475315011132708,1.5093158314657142,1.0984630640589197,1.679064673407801,0.6593116287778659,87.65319614866942,86.1480861881046,97.74072545218958,72.11481669944907,87.86626731213684,83.179181678727,Muy alta
2024-04-01,0.5224716362815784,-0.7712927237586877,1.2169813029053966,1.1295949977090876,1.5223489056366732,0.7240208237548097,90.38338890576381,90.77336372183504,90.77475120313454,80.34387316413309,92.01624596524861,92.03840446451699,Muy alta
2024-05-01,0.5520124221905074,-0.23653782351907962,1.1777164487819283,1.2276486761174283,1.5264930441171978,0.8494665535375965,95.67616102236047,95.9462376960475,88.06045926629176,86.60664377740025,96.59112097214322,96.39390980559062,Muy alta
2024-06-01,0.5371736585939986,-0.2579588448070888,1.2712348695788973,1.215670796702332,1.5291515841260088,0.8590544128388297,96.08068937462316,96.0119906166297,88.91244998387552,86.20421873536586,96.80500478310458,96.60372268136153,Muy alta
2024-07-01,0.5518117576929193,-0.14682006922849236,1.110372216270348,1.258394451564234,1.4019278096322583,0.8351372331862534,95.07158223489046,96.0951828746068,85.96391805322448,87.60013887775659,96.03885151360315,96.59164879882138,Muy alta
2024-08-01,0.5342314146565776,0.08431905416036681,1.094116183651333,1.263676838970152,1.4205854347516713,0.8793857852380202,96.93850510986506,97.84527647500379,84.67854674189233,89.97029637962497,97.43904744482387,97.93294204810545,Muy alta
2024-09-01,0.5713374303995453,0.16185998100592494,1.2113729249157077,1.2794454864567684,1.535720581477353,0.95194728085106,100,99.99999999999999,86.60374868206446,91.24269225393147,99.99999999999999,100,Muy alta
2024-10-01,0.5892112575797916,-0.22932376576636593,0.883980891332514,1.2550867239510415,1.4622488052573386,0.792240782470864,93.26170685180246,94.88149539688597,85.13004361915836,87.09955515143238,94.38543922673232,96.42569037083595,Muy alta
2024-11-01,0.5593666382259919,-0.4547310075661619,0.8519363004036387,1.189154112306549,1.2912605503153076,0.6873973187370651,88.83817994165163,91.55377879880994,84.21718438057131,84.26667179922171,90.68706738830267,93.79128752291983,Muy alta
2024-12-01,0.5792079973303872,-0.4946683438723756,0.873440287653524,1.0687673614246136,1.1311382637132965,0.6315771132498892,86.48302901178903,90.4101052190441,83.17565634234741,84.04363891317674,88.89823930094217,92.86978538970236,Muy alta
2025-01-01,0.5527439686711851,-0.3892278842430245,0.9372741166880337,1.1503346928843576,1.1897876357853352,0.6881825059571776,88.8713083473145,91.92128243934269,83.66092792284003,84.92014972685391,90.7975913499716,93.85502136051355,Muy alta
2025-02-01,0.4873420052788817,-0.29314312316614427,1.0551501724961967,1.1828745030126167,1.2820577681681746,0.7428562651579451,91.17808872723184,93.03239854766687,84.62812969854797,85.26067921943842,92.27384425356333,94.40682468413486,Muy alta
2025-03-01,0.5065956148149774,-0.07429796365524438,0.9612594030187858,1.1680165264249325,1.2886196642485885,0.7700386489704081,92.32496047292098,94.57804055018164,82.82406521393662,87.90319095653878,93.21561828713124,95.48694465723665,Muy alta
2025-04-01,0.6049534611083441,-0.4836911139490378,0.8384109971911895,1.1603525383128928,1.2287418669571197,0.6697535499241017,88.0937588460382,91.42263365809414,83.96856010258192,84.45120149534388,90.05841853863153,93.42875813405401,Muy alta
2025-05-01,0.6387613290028424,-0.6133957365989483,0.7705282437155994,1.1490021114138302,1.1635105215186017,0.6216812938103852,86.06550728912082,90.10625010630667,83.67518378333367,83.38690241893414,88.37419957750573,92.54397023594841,Muy alta
2025-06-01,0.6050825853419336,-0.6306174705392361,0.6255919989933914,1.134169803440038,1.0791015059642626,0.5626656846400779,83.57553675603512,88.46930028657454,81.48195636123936,82.82198933675595,86.33172291926886,90.90373902323012,Muy alta
2025-07-01,0.5890747164949361,-0.8306165939879158,0.6698615608941385,1.179392451762588,1.0459788096108649,0.5307381889549224,82.22846054062504,86.93388375222796,82.5840911095237,80.42466063689858,85.12662212132355,89.82324253177678,Muy alta
2025-08-01,0.5624592526703862,-0.9190774086163426,0.7738656390171672,1.2146065555632979,0.9828049637472075,0.5229318004763432,81.89909552084885,86.36464511587913,83.29967016353942,79.14749982799998,84.64369911786487,89.29948377682726,Muy alta
2025-09-01,0.4678685641996393,-0.7309547311897934,0.7319066088413199,1.2105040412730586,1.0111883725867776,0.5381025711422004,82.53917655116025,86.69720596995361,81.55142898885597,80.18555382382415,85.47218304402328,89.27035615313719,Muy alta
2025-10-01,0.4563457459486883,-0.9451807034729885,0.7226178637713327,1.1702567102024735,0.9449260058267307,0.46979312445524735,79.65708295298931,84.27899766465434,81.85608687607866,77.68010689938018,83.38509023109124,87.29647187058637,Muy alta
2025-11-01,0.41208856104214264,-1.022315298144827,0.6950832945964246,1.1549015145387678,0.979988162212653,0.44394924684903225,78.56668509715348,83.0065121477318,81.98487212007977,76.33285422937554,82.082256039207,86.38034368593097,Muy alta
2025-12-01,0.3852643633753895,-0.882081336941552,0.760307762864846,1.025022434563402,0.7676169403579322,0.4112260328440036,77.1860361507833,82.82879738112325,79.62359909264472,77.59151941461168,80.96999932734214,85.96121765499188,Muy alta
