"Dimensión","Indicador 1","Indicador 2","N pares","Pearson","Spearman","Alta redundancia |r|≥0.90"
"Liquidez","(Disp. + Inv. Temp.) / Oblig. Corto Plazo","Disponibilidades / Oblig. Corto Plazo",192,0.9841,0.8898,"Sí"
"Liquidez","(Disp. + Inv. Temp.) / Oblig. Corto Plazo","(Disp. + Inv. Temp.) / Pasivo Total",192,0.6285,0.701,"No"
"Liquidez","(Disp. + Inv. Temp.) / Pasivo Total","Disponibilidades / Oblig. Corto Plazo",192,0.6704,0.6869,"No"
"Liquidez","(Disp. + Inv. Temp.) / Activo Total","Disponibilidades / Oblig. Corto Plazo",192,0.5138,0.6261,"No"
"Liquidez","(Disp. + Inv. Temp.) / Activo Total","(Disp. + Inv. Temp.) / Oblig. Corto Plazo",192,0.4851,0.6346,"No"
"Liquidez","(Disp. + Inv. Temp.) / Activo Total","(Disp. + Inv. Temp.) / Pasivo Total",192,0.9486,0.984,"Sí"
"Fondeo","Oblig. Público + Emp. Públicas / (Pas. + Pat.)","Oblig. con el Público / (Pas. + Pat.)",192,0.6309,0.946,"No"
"Fondeo","Oblig. Público + Emp. Públicas / (Pas. + Pat.)","Obligaciones Subordinadas / (Pas. + Pat.)",192,-0.0795,-0.1622,"No"
"Fondeo","Oblig. Público + Emp. Públicas / (Pas. + Pat.)","Oblig. Personas Naturales / Total Oblig. Público",192,-0.4117,-0.4178,"No"
"Fondeo","Oblig. con el Público / (Pas. + Pat.)","Obligaciones Subordinadas / (Pas. + Pat.)",192,-0.0041,-0.1551,"No"
"Fondeo","Oblig. con el Público / (Pas. + Pat.)","Oblig. Personas Naturales / Total Oblig. Público",192,-0.4266,-0.406,"No"
"Fondeo","Oblig. con Bancos y Ent. Fin. / (Pas. + Pat.)","Oblig. Público + Emp. Públicas / (Pas. + Pat.)",192,-0.664,-0.7397,"No"
"Fondeo","Oblig. con Bancos y Ent. Fin. / (Pas. + Pat.)","Oblig. con el Público / (Pas. + Pat.)",192,-0.6618,-0.8271,"No"
"Fondeo","Oblig. con Bancos y Ent. Fin. / (Pas. + Pat.)","Obligaciones Subordinadas / (Pas. + Pat.)",192,0.2881,0.405,"No"
"Fondeo","Oblig. con Bancos y Ent. Fin. / (Pas. + Pat.)","Oblig. Personas Naturales / Total Oblig. Público",192,0.1278,0.1401,"No"
"Fondeo","Obligaciones Subordinadas / (Pas. + Pat.)","Oblig. Personas Naturales / Total Oblig. Público",192,-0.5125,-0.5627,"No"
"Fondeo","Oblig. Personas Jurídicas e Institucionales / Total Oblig.","Oblig. Público + Emp. Públicas / (Pas. + Pat.)",192,0.4461,0.4201,"No"
"Fondeo","Oblig. Personas Jurídicas e Institucionales / Total Oblig.","Oblig. con el Público / (Pas. + Pat.)",192,0.4119,0.4077,"No"
"Fondeo","Oblig. Personas Jurídicas e Institucionales / Total Oblig.","Oblig. con Bancos y Ent. Fin. / (Pas. + Pat.)",192,-0.104,-0.1391,"No"
"Fondeo","Oblig. Personas Jurídicas e Institucionales / Total Oblig.","Obligaciones Subordinadas / (Pas. + Pat.)",192,0.4986,0.5632,"No"
"Fondeo","Oblig. Personas Jurídicas e Institucionales / Total Oblig.","Oblig. Personas Naturales / Total Oblig. Público",192,-0.9802,-0.9998,"Sí"
"Fondeo","Días de Permanencia Promedio de DPF","Oblig. Público + Emp. Públicas / (Pas. + Pat.)",192,-0.4327,-0.5642,"No"
"Fondeo","Días de Permanencia Promedio de DPF","Oblig. con el Público / (Pas. + Pat.)",192,-0.214,-0.5819,"No"
"Fondeo","Días de Permanencia Promedio de DPF","Oblig. con Bancos y Ent. Fin. / (Pas. + Pat.)",192,0.693,0.6107,"No"
"Fondeo","Días de Permanencia Promedio de DPF","Obligaciones Subordinadas / (Pas. + Pat.)",192,0.1319,0.1991,"No"
"Fondeo","Días de Permanencia Promedio de DPF","Oblig. Personas Jurídicas e Institucionales / Total Oblig.",192,0.053,0.0169,"No"
"Fondeo","Días de Permanencia Promedio de DPF","Oblig. Personas Naturales / Total Oblig. Público",192,-0.0371,-0.0155,"No"
"Activos","Disponibilidades / Activo Total","Activo Productivo / (Activo + Contingente)",192,-0.8276,-0.6954,"No"
"Activos","Disponibilidades / Activo Total","Activo Improductivo / Patrimonio",192,0.5036,0.3454,"No"
"Activos","Cartera Neta / Activo Total","Disponibilidades / Activo Total",192,-0.9571,-0.932,"Sí"
"Activos","Cartera Neta / Activo Total","Activo Productivo / (Activo + Contingente)",192,0.8267,0.6562,"No"
"Activos","Cartera Neta / Activo Total","Activo Improductivo / Patrimonio",192,-0.4772,-0.3327,"No"
"Activos","Activo Improductivo / Patrimonio","Activo Productivo / (Activo + Contingente)",192,-0.8333,-0.8138,"No"
"Cartera","Cartera Vencida y Ejecución / Cartera Total","Cartera Reprog. o Reestruct. / Cartera Total",192,0.3063,0.8496,"No"
"Cartera","Cartera Vencida y Ejecución / Cartera Total","Cartera Reprog. Vencida y Ejec. / Cartera Reprog.",192,0.208,-0.5019,"No"
"Cartera","Cartera Vencida y Ejecución / Cartera Total","Previsión Cartera Incobrable / Cartera Total",192,0.9679,0.6412,"Sí"
"Cartera","Cartera Reprog. Vencida y Ejec. / Cartera Reprog.","Cartera Reprog. o Reestruct. / Cartera Total",192,-0.708,-0.7555,"No"
"Cartera","Previsión Cartera Incobrable / Cartera Total","Cartera Reprog. o Reestruct. / Cartera Total",192,0.2499,0.59,"No"
"Cartera","Previsión Cartera Incobrable / Cartera Total","Cartera Reprog. Vencida y Ejec. / Cartera Reprog.",192,0.3052,-0.1711,"No"
"Cartera","Cartera Categoría F (previsión 100%) / Cartera","Cartera Reprog. o Reestruct. / Cartera Total",184,0.8363,0.9005,"No"
"Cartera","Cartera Categoría F (previsión 100%) / Cartera","Cartera Vencida y Ejecución / Cartera Total",184,0.9696,0.9705,"Sí"
"Cartera","Cartera Categoría F (previsión 100%) / Cartera","Cartera Reprog. Vencida y Ejec. / Cartera Reprog.",184,-0.5604,-0.7096,"No"
"Cartera","Cartera Categoría F (previsión 100%) / Cartera","Previsión Cartera Incobrable / Cartera Total",184,0.8853,0.6435,"No"
"Solvencia","Patrimonio / (Activo + Contingente)","Patrimonio / Activo Total",192,0.9753,0.9766,"Sí"
"Solvencia","Coeficiente de Adecuación Patrimonial (CAP)","Patrimonio / Activo Total",192,0.8766,0.8094,"No"
"Solvencia","Coeficiente de Adecuación Patrimonial (CAP)","Patrimonio / (Activo + Contingente)",192,0.9363,0.8563,"Sí"
"Solvencia","Coeficiente de Adecuación Patrimonial (CAP)","(Cartera Vencida + Ejecución) / Patrimonio",192,-0.2023,-0.5508,"No"
"Solvencia","Coeficiente de Adecuación Patrimonial (CAP)","(Cartera Vencida + Ejecución – Prev.) / Patrimonio",192,-0.2116,-0.5419,"No"
"Solvencia","(Cartera Vencida + Ejecución) / Patrimonio","Patrimonio / Activo Total",192,-0.4903,-0.7111,"No"
"Solvencia","(Cartera Vencida + Ejecución) / Patrimonio","Patrimonio / (Activo + Contingente)",192,-0.3482,-0.6622,"No"
"Solvencia","(Cartera Vencida + Ejecución – Prev.) / Patrimonio","Patrimonio / Activo Total",192,-0.4917,-0.6849,"No"
"Solvencia","(Cartera Vencida + Ejecución – Prev.) / Patrimonio","Patrimonio / (Activo + Contingente)",192,-0.3522,-0.6338,"No"
"Solvencia","(Cartera Vencida + Ejecución – Prev.) / Patrimonio","(Cartera Vencida + Ejecución) / Patrimonio",192,0.9862,0.9865,"Sí"
